date,temp,rainfall,humidity
2013-04-14,28.7,2.0,39.7
2013-04-15,28.6,0.0,41.7
2013-04-16,31.7,0.0,30.7
2013-04-17,29.9,0.0,27.4
2013-04-18,30.6,0.0,23.7
2013-04-19,30.3,0.0,27.2
2013-04-20,30.6,0.0,27.8
2013-04-21,28.4,0.0,39.5
2013-04-22,26.9,0.0,49.5
2013-04-23,29.1,0.0,42.8
2013-04-24,30.8,0.0,38.8
2013-04-25,31.5,0.0,39.1
2013-04-26,30.9,0.0,41.5
2013-04-27,31.8,0.0,32.7
2013-04-28,31.2,0.0,29.6
2013-04-29,32.8,0.0,24.3
2013-04-30,32.9,0.0,31.3
2013-05-13,30.8,0.0,45.3
2013-05-14,33.7,0.0,31.8
2013-05-15,33.8,0.0,29.6
2013-05-16,34.4,0.1,27.0
2013-05-17,34.4,0.0,25.0
2013-05-18,35.9,0.0,22.2
2013-05-19,36.7,0.0,19.2
2013-05-20,37.4,0.0,17.7
2013-05-21,37.1,0.0,18.4
2013-05-22,37.2,0.0,18.2
2013-05-23,38.2,0.0,19.1
2013-05-24,38.5,0.0,22.3
2013-05-25,38.1,0.0,23.7
2013-05-26,37.1,0.0,23.6
2013-05-27,36.1,0.0,32.0
2013-05-28,36.5,0.0,29.4
2013-05-29,36.0,0.0,22.3
2013-05-30,34.7,0.0,22.4
2013-06-13,30.7,0.0,69.3
2013-06-14,31.4,10.208,64.0
2013-06-15,30.6,5.104,68.2
2013-06-16,27.0,38.279,90.9
2013-06-17,27.2,26.37,87.2
2013-06-18,28.1,0.1,90.8
2013-06-19,29.8,4.253,73.6
2013-06-20,33.0,0.5,56.7
2013-06-21,35.4,0.0,48.7
2013-06-22,35.5,0.0,43.9
2013-06-23,35.3,0.0,53.6
2013-06-24,33.8,0.0,60.9
2013-06-25,30.5,0.0,74.9
2013-06-26,30.5,0.4,75.8
2013-06-27,31.4,1.701,70.5
2013-06-28,30.6,0.0,72.0
2013-06-30,32.5,0.0,57.1
2013-07-13,31.3,0.0,76.4
2013-07-14,31.0,3.403,77.6
2013-07-15,31.3,0.0,76.7
2013-07-16,30.2,28.072,81.5
2013-07-17,30.6,0.6,83.6
2013-07-18,30.7,5.955,84.1
2013-07-19,31.2,0.0,76.9
2013-07-20,27.1,120.312,92.2
2013-07-21,28.8,0.2,86.4
2013-07-22,28.7,0.851,91.0
2013-07-23,30.4,0.766,80.0
2013-07-24,30.5,16.162,83.4
2013-07-25,28.6,9.0,88.4
2013-07-26,29.6,0.0,81.3
2013-07-27,29.5,14.461,85.5
2013-07-29,31.2,24.669,79.2
2013-07-30,29.9,0.5,85.9
2013-07-31,28.3,0.5,86.3
2013-08-13,29.3,0.1,87.1
2013-08-14,29.0,5.955,85.3
2013-08-16,27.0,52.74,93.9
2013-08-17,27.5,44.428,93.3
2013-08-18,28.1,0.17,89.9
2013-08-19,28.3,12.701,91.9
2013-08-20,27.5,86.636,92.5
2013-08-21,28.8,0.425,86.7
2013-08-22,27.9,3.232,86.6
2013-08-23,30.2,0.1,80.8
2013-08-24,31.6,0.0,75.7
2013-08-25,30.8,11.058,82.4
2013-08-26,31.4,0.1,78.4
2013-08-27,31.1,0.1,73.4
2013-08-28,29.5,0.0,72.0
2013-08-31,27.9,0.5,81.9
2013-09-13,30.5,0.0,71.2
2013-09-14,31.2,0.0,69.5
2013-09-16,29.5,0.0,66.2
2013-09-17,29.5,0.0,61.4
2013-09-18,29.6,0.0,63.0
2013-09-19,29.8,0.0,66.7
2013-09-20,29.0,1.1,72.9
2013-09-22,28.9,0.0,77.6
2013-09-23,30.0,0.0,74.4
2013-09-25,28.8,27.221,76.2
2013-09-26,28.1,2.3,81.5
2013-09-27,28.5,0.34,78.6
2013-09-28,29.4,0.0,74.3
2013-09-29,28.4,24.669,81.2
2013-09-30,27.0,3.925,84.7
2013-10-13,27.4,0.851,79.4
2013-10-14,27.7,0.0,77.4
2013-10-15,26.7,0.0,74.3
2013-10-17,27.5,0.0,71.3
2013-10-18,27.3,0.0,72.4
2013-10-19,25.8,0.0,66.3
2013-10-20,25.2,0.0,64.1
2013-10-21,24.8,0.0,63.8
2013-10-22,24.9,0.0,65.6
2013-10-23,25.2,0.0,67.6
2013-10-24,25.0,0.0,69.1
2013-10-25,24.1,0.0,71.4
2013-10-26,24.2,0.0,71.7
2013-10-27,22.9,0.0,69.5
2013-10-28,23.1,0.0,62.2
2013-10-29,22.8,0.0,63.9
2013-10-30,23.7,0.0,60.4
2013-10-31,24.5,0.0,57.8
2013-11-13,17.7,0.0,61.2
2013-11-14,17.1,0.0,59.4
2013-11-15,17.3,0.0,59.5
2013-11-16,17.2,0.0,61.5
2013-11-17,16.9,0.0,58.1
2013-11-18,17.7,0.0,53.8
2013-11-19,18.1,0.0,56.1
2013-11-20,18.2,0.0,55.9
2013-11-21,18.9,0.0,59.7
2013-11-22,18.3,0.0,69.0
2013-11-23,18.3,0.0,69.8
2013-11-24,18.8,0.0,60.5
2013-11-25,19.6,0.0,58.8
2013-11-26,20.1,0.0,56.0
2013-11-27,19.4,0.0,60.9
2013-11-28,19.1,0.0,62.7
2013-11-29,17.9,0.0,65.2
2013-11-30,17.7,0.0,61.5
2013-12-13,16.0,0.0,66.5
2013-12-14,15.4,0.0,73.6
2013-12-15,16.3,0.0,74.0
2013-12-16,15.7,0.0,83.3
2013-12-17,15.3,0.0,87.8
2013-12-18,15.2,0.0,91.6
2013-12-19,16.2,0.0,88.2
2013-12-20,15.0,0.0,93.6
2013-12-21,14.2,0.0,96.6
2013-12-22,15.1,0.0,93.2
2013-12-23,14.0,0.0,93.3
2013-12-24,12.6,0.0,87.0
2013-12-25,12.3,0.0,68.9
2013-12-26,12.2,0.0,62.1
2013-12-27,12.1,0.17,69.6
2013-12-28,11.6,0.0,61.5
2013-12-29,10.5,0.0,63.2
2013-12-30,11.0,5.104,75.4
2013-12-31,13.4,1.8,87.8
2014-01-13,13.5,0.0,73.6
2014-01-14,14.2,0.0,75.4
2014-01-15,12.0,0.0,93.0
2014-01-16,12.1,0.0,94.7
2014-01-17,11.5,0.17,95.9
2014-01-18,12.6,2.382,94.8
2014-01-19,13.8,0.0,85.3
2014-01-20,13.1,0.0,88.6
2014-01-21,13.1,5.0,96.7
2014-01-22,14.9,0.34,98.1
2014-01-23,15.4,0.0,94.3
2014-01-24,13.1,0.0,93.8
2014-01-25,11.2,0.0,99.2
2014-01-26,13.2,0.0,90.9
2014-01-27,15.0,0.0,81.9
2014-01-28,15.6,0.0,77.1
2014-01-29,15.5,0.0,83.1
2014-01-30,14.6,0.0,91.6
2014-01-31,13.2,0.0,94.9
2014-02-13,14.1,0.0,67.5
2014-02-14,13.0,41.681,93.5
2014-02-15,12.7,0.0,90.0
2014-02-16,12.7,0.0,85.7
2014-02-17,13.8,0.0,77.1
2014-02-18,14.6,0.0,68.4
2014-02-19,15.0,0.0,71.4
2014-02-20,16.3,0.0,72.2
2014-02-21,17.0,0.0,72.3
2014-02-22,15.9,0.3,86.6
2014-02-23,15.7,0.0,86.3
2014-02-24,15.2,0.0,77.0
2014-02-25,17.4,0.0,67.3
2014-02-26,18.8,0.3,66.3
2014-02-27,18.6,0.2,76.1
2014-02-28,15.9,17.507,85.2
2014-03-13,18.8,0.0,62.1
2014-03-14,19.0,0.0,61.3
2014-03-15,21.2,0.0,59.9
2014-03-16,22.8,0.0,57.6
2014-03-17,24.7,0.0,59.8
2014-03-18,24.8,0.17,54.7
2014-03-19,21.6,0.0,61.0
2014-03-20,21.2,0.0,56.0
2014-03-21,23.1,0.0,56.4
2014-03-22,24.6,0.0,56.7
2014-03-23,22.8,0.1,64.0
2014-03-24,22.4,0.936,68.3
2014-03-25,24.5,0.0,60.2
2014-03-26,25.3,0.0,54.3
2014-03-27,24.0,1.701,60.7
2014-03-28,24.3,0.851,63.3
2014-03-29,25.2,0.2,60.6
2014-03-30,24.3,0.0,49.6
2014-03-31,23.9,0.0,47.3
2014-04-13,27.9,0.34,36.0
2014-04-14,27.9,0.0,39.0
2014-04-15,29.6,0.0,39.6
2014-04-16,27.8,2.0,44.9
2014-04-17,27.4,0.0,41.0
2014-04-18,24.8,7.0,55.4
2014-04-19,25.8,0.0,52.8
2014-04-20,28.2,0.0,40.4
2014-04-21,29.1,0.0,30.6
2014-04-22,30.1,0.0,28.0
2014-04-23,30.0,0.0,31.0
2014-04-24,31.0,0.0,30.5
2014-04-25,31.6,0.0,29.4
2014-04-26,32.3,0.0,29.1
2014-04-27,31.5,0.0,29.4
2014-04-28,32.5,0.0,23.9
2014-04-29,33.5,0.0,24.3
2014-04-30,34.5,0.0,21.8
2014-05-13,24.9,8.359,69.4
2014-05-14,26.5,3.403,61.6
2014-05-15,28.9,0.0,50.4
2014-05-16,30.7,0.0,45.8
2014-05-17,30.4,0.0,46.7
2014-05-18,31.9,0.0,41.6
2014-05-19,32.2,0.0,33.8
2014-05-20,33.2,0.0,30.5
2014-05-21,33.1,0.0,30.2
2014-05-22,33.9,0.0,29.7
2014-05-23,35.3,0.425,29.4
2014-05-24,32.3,7.656,39.1
2014-05-25,32.0,0.0,42.9
2014-05-26,29.8,11.058,52.9
2014-05-27,32.7,0.0,44.8
2014-05-28,34.9,0.0,36.0
2014-05-29,36.3,0.0,34.5
2014-05-30,35.9,0.51,34.6
2014-05-31,34.8,0.0,37.6
2014-06-13,29.7,0.595,56.5
2014-06-14,30.5,1.701,64.7
2014-06-15,33.7,0.1,58.4
2014-06-16,36.9,0.0,44.9
2014-06-17,37.6,0.0,39.0
2014-06-18,35.2,3.403,54.9
2014-06-19,34.8,0.0,52.1
2014-06-20,37.5,0.0,40.4
2014-06-21,36.9,0.0,40.5
2014-06-22,35.1,0.0,42.1
2014-06-23,33.3,2.552,44.6
2014-06-24,33.5,0.0,43.3
2014-06-25,32.4,0.0,48.3
2014-06-26,32.9,22.287,52.7
2014-06-27,34.7,0.0,48.9
2014-06-28,34.8,0.0,48.0
2014-06-29,34.3,4.253,51.0
2014-06-30,31.9,0.0,66.1
2014-07-13,33.4,22.117,62.4
2014-07-14,31.8,0.0,72.3
2014-07-15,32.8,0.0,70.1
2014-07-16,31.8,0.0,69.3
2014-07-17,31.1,42.532,73.7
2014-07-18,27.5,8.507,90.9
2014-07-19,29.2,0.0,78.1
2014-07-20,30.4,0.0,73.9
2014-07-21,31.5,0.0,68.8
2014-07-22,31.6,2.552,72.8
2014-07-23,30.5,0.0,75.1
2014-07-24,30.0,0.0,71.1
2014-07-25,30.1,0.0,66.7
2014-07-26,31.8,0.0,68.2
2014-07-27,30.9,0.1,72.2
2014-07-28,29.8,3.0,79.6
2014-07-29,29.8,0.0,78.4
2014-07-30,30.7,0.0,77.3
2014-07-31,31.2,0.0,76.0
2014-08-13,31.5,0.0,66.9
2014-08-14,30.9,0.0,65.9
2014-08-16,30.2,0.0,63.8
2014-08-17,30.7,0.0,59.6
2014-08-19,32.9,0.0,57.0
2014-08-20,33.3,0.0,52.6
2014-08-21,32.9,0.0,47.5
2014-08-22,33.2,0.0,48.7
2014-08-23,33.5,0.0,50.8
2014-08-24,33.2,0.0,51.2
2014-08-25,33.8,0.0,50.6
2014-08-26,34.1,0.0,49.0
2014-08-27,33.2,0.0,48.9
2014-08-28,29.7,6.72,69.2
2014-08-29,30.0,0.0,71.5
2014-08-30,28.1,10.207,81.3
2014-08-31,27.3,30.624,87.1
2014-09-13,28.6,0.0,74.5
2014-09-14,29.3,0.0,69.6
2014-09-15,28.9,0.0,69.9
2014-09-16,30.4,0.0,70.1
2014-09-17,30.3,0.0,66.5
2014-09-18,30.6,0.0,64.0
2014-09-19,30.6,0.0,63.2
2014-09-20,31.0,0.0,60.1
2014-09-21,30.4,0.2,59.6
2014-09-22,30.2,0.0,58.2
2014-09-23,30.2,0.0,52.4
2014-09-24,30.1,0.0,53.5
2014-09-25,29.6,0.0,56.4
2014-09-26,30.2,0.0,54.4
2014-09-27,30.7,0.0,51.3
2014-09-28,30.5,0.0,51.7
2014-09-29,30.4,0.0,52.6
2014-09-30,30.9,0.0,50.0
2014-10-13,27.3,0.0,58.7
2014-10-14,25.3,1.701,67.0
2014-10-15,24.6,0.0,69.4
2014-10-16,24.2,0.0,59.4
2014-10-17,24.1,0.0,54.4
2014-10-18,24.0,0.0,54.4
2014-10-19,23.7,0.0,58.4
2014-10-20,24.2,0.0,58.1
2014-10-21,25.6,0.0,57.6
2014-10-22,26.5,0.0,57.7
2014-10-23,25.8,0.0,64.2
2014-10-24,25.8,0.0,63.8
2014-10-25,25.8,0.0,64.2
2014-10-26,25.8,0.0,60.4
2014-10-27,25.3,0.0,62.5
2014-10-28,25.8,0.0,55.2
2014-10-29,25.4,0.51,64.8
2014-10-30,25.0,0.0,59.0
2014-10-31,23.5,0.0,58.3
2014-11-13,18.6,0.0,55.0
2014-11-14,18.2,0.0,50.4
2014-11-15,18.5,0.0,47.0
2014-11-16,18.3,0.0,50.0
2014-11-17,18.0,0.0,50.5
2014-11-18,18.0,0.0,51.6
2014-11-19,18.3,0.0,55.5
2014-11-20,18.3,0.0,54.8
2014-11-21,17.9,0.0,57.0
2014-11-22,17.7,0.0,58.1
2014-11-23,18.5,0.0,44.6
2014-11-24,17.0,0.0,53.5
2014-11-25,16.9,0.0,50.9
2014-11-26,17.7,0.0,48.1
2014-11-27,18.7,0.0,53.7
2014-11-28,20.7,0.0,52.6
2014-11-29,21.5,0.0,56.8
2014-11-30,20.4,0.0,58.6
2014-12-13,15.9,0.2,68.2
2014-12-14,14.7,9.358,94.3
2014-12-15,14.5,0.0,82.4
2014-12-16,12.9,0.0,88.1
2014-12-17,12.2,0.0,86.8
2014-12-18,10.5,0.0,91.2
2014-12-19,10.6,0.0,93.0
2014-12-20,10.6,0.0,84.4
2014-12-21,9.6,0.0,89.2
2014-12-22,9.2,0.0,93.8
2014-12-23,9.6,0.0,88.0
2014-12-24,8.5,0.0,93.8
2014-12-25,8.5,0.0,91.4
2014-12-26,9.9,0.0,93.1
2014-12-27,10.5,0.0,80.1
2014-12-28,8.5,0.0,90.6
2014-12-29,10.8,0.0,83.9
2014-12-30,10.0,0.0,87.4
2014-12-31,12.0,0.0,80.8
2015-01-13,11.3,0.0,84.1
2015-01-14,12.2,0.936,86.6
2015-01-15,11.2,0.0,82.3
2015-01-16,12.4,0.0,87.4
2015-01-17,13.0,0.0,83.4
2015-01-18,13.2,0.0,74.9
2015-01-19,13.0,0.0,77.5
2015-01-20,12.8,0.0,85.8
2015-01-21,12.9,0.0,85.0
2015-01-22,12.9,5.955,91.6
2015-01-23,14.6,0.0,89.9
2015-01-24,12.2,0.0,87.9
2015-01-25,12.2,0.0,84.1
2015-01-26,13.3,0.766,90.2
2015-01-27,13.1,0.0,81.9
2015-01-28,10.8,0.0,83.7
2015-01-29,11.1,0.0,75.7
2015-01-30,12.0,0.0,68.3
2015-01-31,12.9,0.0,66.8
2015-02-13,16.8,0.0,61.3
2015-02-14,19.6,0.0,57.1
2015-02-15,18.9,0.0,67.5
2015-02-16,20.1,0.0,63.5
2015-02-17,20.6,0.0,70.4
2015-02-18,21.4,0.0,67.2
2015-02-19,22.9,2.0,70.3
2015-02-20,22.9,0.1,67.7
2015-02-21,21.6,0.0,58.5
2015-02-22,21.8,0.0,58.6
2015-02-23,22.2,0.0,67.1
2015-02-24,21.9,0.0,74.6
2015-02-25,23.4,0.0,65.0
2015-02-26,19.8,0.0,37.3
2015-02-27,19.2,0.0,41.8
2015-02-28,21.2,0.0,41.4
2015-03-13,21.2,0.1,60.7
2015-03-14,21.4,0.4,65.7
2015-03-15,18.1,3.602,78.7
2015-03-16,19.5,0.1,74.8
2015-03-17,20.5,0.0,70.1
2015-03-18,20.1,0.0,63.3
2015-03-19,21.4,0.0,59.0
2015-03-20,22.5,0.0,59.4
2015-03-21,24.5,0.0,55.6
2015-03-22,25.4,0.0,55.2
2015-03-23,25.1,0.0,58.1
2015-03-24,26.0,0.0,55.9
2015-03-25,27.4,0.0,54.6
2015-03-26,28.7,0.0,56.1
2015-03-27,28.7,0.0,42.8
2015-03-28,27.4,0.0,48.1
2015-03-29,25.6,0.0,47.9
2015-03-30,22.9,9.357,70.2
2015-03-31,24.8,0.0,65.2
2015-04-13,24.4,1.701,67.9
2015-04-14,26.3,0.0,60.7
2015-04-15,27.6,0.2,56.4
2015-04-16,25.9,0.0,57.2
2015-04-17,27.8,0.0,53.6
2015-04-18,30.5,0.0,42.9
2015-04-19,32.2,0.0,39.1
2015-04-20,33.1,0.0,35.0
2015-04-21,31.8,0.0,35.6
2015-04-22,31.1,0.0,27.4
2015-04-23,31.8,0.0,28.9
2015-04-24,32.7,0.0,27.7
2015-04-25,30.9,0.0,36.9
2015-04-26,28.8,0.0,46.8
2015-04-27,30.7,0.0,47.9
2015-04-28,31.1,0.0,45.9
2015-04-29,31.2,0.0,46.1
2015-04-30,32.9,0.0,40.9
2015-05-13,29.0,1.701,57.7
2015-05-14,29.7,0.0,51.7
2015-05-15,29.5,0.34,53.5
2015-05-16,30.3,0.0,50.7
2015-05-17,32.9,0.0,42.5
2015-05-18,36.0,0.0,34.1
2015-05-19,33.3,0.1,42.6
2015-05-20,32.3,0.0,41.4
2015-05-22,36.5,0.0,22.2
2015-05-23,37.4,0.0,22.2
2015-05-24,37.0,0.0,24.6
2015-05-25,38.7,0.0,20.8
2015-05-26,38.2,0.0,17.8
2015-05-27,35.2,0.0,20.0
2015-05-28,35.3,0.0,26.2
2015-05-29,36.0,0.0,27.3
2015-05-30,36.3,0.0,26.9
2015-05-31,35.6,0.0,26.4
2015-06-13,32.3,5.0,48.9
2015-06-14,27.5,20.507,72.7
2015-06-15,30.9,0.0,62.8
2015-06-16,32.4,0.0,57.5
2015-06-17,33.4,0.1,53.8
2015-06-18,35.9,0.0,44.8
2015-06-19,36.4,0.0,45.6
2015-06-20,33.6,0.0,52.4
2015-06-21,30.5,5.955,65.1
2015-06-22,32.1,3.403,61.7
2015-06-23,31.9,0.851,63.9
2015-06-24,30.2,0.851,74.0
2015-06-25,26.1,17.268,83.4
2015-06-26,30.9,0.0,65.0
2015-06-27,32.4,0.0,56.5
2015-06-28,34.2,0.0,51.3
2015-06-29,31.4,0.0,60.3
2015-06-30,30.9,0.0,60.5
2015-07-15,32.5,0.0,65.4
2015-07-16,31.9,0.0,64.6
2015-07-17,30.2,0.17,80.2
2015-07-18,29.7,0.3,82.4
2015-07-19,29.6,0.17,77.1
2015-07-20,28.9,6.382,81.0
2015-07-21,30.6,0.0,75.5
2015-07-22,31.4,0.2,75.0
2015-07-23,31.4,0.0,72.9
2015-07-24,31.2,0.8,73.2
2015-07-25,31.3,5.104,73.7
2015-07-26,30.0,3.402,77.6
2015-07-27,29.4,0.255,73.5
2015-07-28,29.1,0.0,70.6
2015-07-29,28.1,0.0,75.7
2015-07-30,28.3,0.4,79.2
2015-07-31,28.8,1.701,76.1
2015-08-13,31.2,0.2,75.8
2015-08-14,30.7,0.0,78.4
2015-08-15,28.3,6.895,89.1
2015-08-16,27.8,1.701,88.1
2015-08-17,30.5,3.403,78.5
2015-08-18,29.5,0.085,78.4
2015-08-19,30.0,0.0,74.5
2015-08-20,30.4,0.1,69.4
2015-08-21,29.8,5.104,72.8
2015-08-22,29.9,1.1,72.6
2015-08-23,30.4,46.785,73.5
2015-08-24,29.9,0.2,73.9
2015-08-25,31.3,0.0,64.8
2015-08-26,31.6,0.0,66.9
2015-08-27,32.1,0.0,66.5
2015-08-28,32.0,0.0,68.0
2015-08-29,32.1,0.0,63.2
2015-08-30,32.5,0.0,62.6
2015-08-31,31.5,0.0,61.5
2015-09-13,31.6,0.0,63.0
2015-09-14,32.3,0.0,56.7
2015-09-15,32.5,0.0,58.3
2015-09-16,32.1,0.0,61.8
2015-09-17,31.6,0.0,61.1
2015-09-18,30.9,0.17,69.3
2015-09-19,30.1,18.544,78.7
2015-09-20,30.4,0.0,72.0
2015-09-21,29.7,0.0,69.3
2015-09-22,29.8,0.17,71.4
2015-09-23,28.3,0.0,69.3
2015-09-24,28.2,0.0,62.0
2015-09-25,28.3,0.0,54.5
2015-09-26,29.3,0.0,57.7
2015-09-27,29.4,0.0,61.0
2015-09-28,28.6,0.0,61.9
2015-09-29,28.4,0.0,61.4
2015-09-30,28.5,0.0,55.2
2015-10-13,29.6,0.1,65.1
2015-10-14,28.3,0.34,64.5
2015-10-15,27.4,0.0,65.3
2015-10-16,28.4,0.0,60.1
2015-10-17,28.1,0.0,63.2
2015-10-18,28.3,0.0,59.8
2015-10-19,29.0,0.0,57.8
2015-10-20,29.2,0.3,57.0
2015-10-21,27.6,0.0,56.5
2015-10-22,25.3,0.0,51.4
2015-10-23,24.5,0.0,52.6
2015-10-24,25.6,0.0,50.3
2015-10-25,26.5,0.0,48.3
2015-10-26,25.8,0.0,51.8
2015-10-27,24.9,0.0,55.2
2015-10-28,21.2,0.0,58.3
2015-10-29,21.5,0.0,59.3
2015-10-30,22.8,0.0,63.4
2015-10-31,22.6,0.0,65.9
2015-11-13,22.6,0.0,60.5
2015-11-14,22.8,0.0,60.9
2015-11-15,23.3,0.0,56.6
2015-11-16,23.3,0.0,48.4
2015-11-17,21.0,0.0,45.3
2015-11-18,18.9,0.0,53.3
2015-11-19,19.1,0.0,58.0
2015-11-20,18.9,0.0,62.2
2015-11-21,19.1,0.0,63.6
2015-11-22,19.3,0.0,62.5
2015-11-23,18.5,0.0,64.0
2015-11-24,19.0,0.0,60.5
2015-11-25,19.4,0.0,56.1
2015-11-26,19.8,0.0,55.2
2015-11-27,18.3,0.0,64.5
2015-11-28,19.0,0.0,82.0
2015-11-29,18.9,0.0,80.1
2015-11-30,19.6,0.0,83.6
2015-12-13,13.2,0.0,71.3
2015-12-14,13.1,0.0,63.2
2015-12-15,13.4,0.0,61.2
2015-12-16,13.5,0.0,61.3
2015-12-17,13.1,0.0,66.9
2015-12-18,12.8,0.0,71.9
2015-12-19,12.7,0.0,70.1
2015-12-20,11.8,0.0,70.3
2015-12-21,12.6,0.0,70.6
2015-12-22,12.7,0.0,75.7
2015-12-23,12.3,0.0,83.3
2015-12-24,12.1,0.0,70.7
2015-12-25,11.4,0.0,65.9
2015-12-26,12.8,0.0,63.5
2015-12-27,14.4,0.0,64.9
2015-12-28,16.5,0.0,61.9
2015-12-29,16.1,0.0,65.5
2015-12-30,16.0,0.0,69.3
2015-12-31,15.4,0.0,70.2
2016-01-13,16.6,0.0,80.7
2016-01-14,15.0,0.0,85.3
2016-01-15,12.3,0.0,87.4
2016-01-16,12.8,0.0,81.5
2016-01-17,12.9,0.0,80.9
2016-01-18,12.2,0.0,83.0
2016-01-19,11.2,0.0,91.7
2016-01-20,10.5,0.0,88.6
2016-01-21,10.9,0.0,80.5
2016-01-22,10.2,0.0,87.7
2016-01-23,12.7,0.0,80.4
2016-01-24,10.2,0.0,91.3
2016-01-25,10.7,0.0,80.9
2016-01-26,13.1,0.0,83.0
2016-01-27,16.1,0.0,73.2
2016-01-28,15.5,0.0,73.6
2016-01-29,17.8,0.0,73.7
2016-01-30,19.7,0.0,76.1
2016-01-31,17.2,0.0,80.9
2016-02-13,17.0,0.03,60.8
2016-02-14,16.8,0.0,66.4
2016-02-15,17.3,0.0,61.8
2016-02-16,17.2,0.0,58.3
2016-02-17,18.3,0.0,56.6
2016-02-18,18.6,0.83,75.8
2016-02-19,21.8,0.0,73.0
2016-02-20,22.9,0.34,74.9
2016-02-21,19.6,0.0,71.4
2016-02-22,19.3,0.0,59.8
2016-02-23,20.2,0.0,52.2
2016-02-24,20.2,0.0,58.8
2016-02-25,20.8,0.0,58.3
2016-02-26,21.9,0.0,55.7
2016-02-27,21.9,0.0,58.0
2016-02-28,21.7,0.0,65.9
2016-02-29,22.8,0.0,66.4
2016-03-13,23.0,0.0,66.2
2016-03-14,22.3,0.3,64.9
2016-03-15,22.3,0.0,63.1
2016-03-16,22.4,0.0,60.5
2016-03-17,24.7,0.0,54.1
2016-03-18,25.5,0.425,59.1
2016-03-19,25.5,13.909,59.5
2016-03-20,25.9,0.0,60.7
2016-03-21,25.7,0.0,47.9
2016-03-22,23.5,0.0,40.6
2016-03-23,24.1,0.0,45.0
2016-03-25,28.2,0.0,49.7
2016-03-27,25.3,0.0,53.6
2016-03-28,25.1,0.0,51.0
2016-03-29,25.8,0.0,48.3
2016-03-30,27.5,0.0,44.9
2016-03-31,29.1,0.0,40.7
2016-04-13,30.6,0.0,28.8
2016-04-14,31.6,0.0,26.7
2016-04-15,33.0,0.0,25.7
2016-04-16,34.2,0.0,26.8
2016-04-17,34.5,0.0,26.0
2016-04-18,33.9,0.0,30.8
2016-04-19,33.5,0.0,33.1
2016-04-20,32.7,0.0,27.9
2016-04-21,33.0,0.0,26.6
2016-04-22,32.4,0.0,28.8
2016-04-23,30.8,0.0,27.0
2016-04-24,30.2,0.0,22.8
2016-04-25,31.1,0.0,21.0
2016-04-26,32.2,0.0,24.1
2016-04-27,32.1,0.0,28.0
2016-04-28,32.2,0.0,24.6
2016-04-29,32.5,0.0,24.6
2016-04-30,32.3,0.0,23.3
2016-05-13,35.6,0.119,35.4
2016-05-14,35.9,0.0,33.3
2016-05-15,36.6,0.0,30.3
2016-05-16,36.6,0.0,24.8
2016-05-17,36.7,0.0,25.9
2016-05-18,37.1,0.0,25.6
2016-05-19,36.4,0.0,38.7
2016-05-20,36.4,0.0,46.8
2016-05-21,35.9,0.0,48.7
2016-05-22,36.0,0.0,48.3
2016-05-23,31.9,6.747,52.8
2016-05-24,30.2,3.403,57.6
2016-05-25,31.4,0.459,55.6
2016-05-26,33.6,0.0,47.6
2016-05-27,36.6,0.0,34.7
2016-05-28,36.1,0.09,36.0
2016-05-29,29.6,0.788,59.7
2016-05-30,26.8,9.495,72.1
2016-05-31,31.2,0.0,59.4
2016-06-13,34.8,0.23,46.7
2016-06-14,31.4,0.0,61.1
2016-06-15,33.8,0.6,56.9
2016-06-16,33.0,0.0,54.2
2016-06-17,33.2,4.372,55.8
2016-06-18,35.2,0.0,54.8
2016-06-19,34.6,0.0,57.9
2016-06-20,31.2,8.104,73.0
2016-06-21,31.5,0.0,69.6
2016-06-22,32.1,0.851,66.9
2016-06-23,32.6,0.4,59.7
2016-06-24,35.2,0.0,52.6
2016-06-25,35.0,0.0,59.5
2016-06-26,34.1,0.0,61.9
2016-06-27,34.0,0.0,63.5
2016-06-28,30.3,14.214,77.0
2016-06-29,34.2,0.0,63.7
2016-06-30,35.3,5.104,59.8
2016-07-13,30.5,15.104,81.0
2016-07-14,29.8,26.194,84.8
2016-07-15,30.1,0.255,84.3
2016-07-16,27.7,16.227,91.3
2016-07-17,27.7,1.448,89.2
2016-07-18,27.7,40.324,88.3
2016-07-19,31.1,0.0,76.4
2016-07-20,33.0,0.0,70.0
2016-07-21,33.4,0.0,62.6
2016-07-22,33.3,0.0,64.0
2016-07-23,31.3,0.0,71.9
2016-07-24,30.6,0.597,79.4
2016-07-25,31.4,0.119,75.2
2016-07-26,30.0,7.253,83.3
2016-07-27,27.9,15.642,88.7
2016-07-28,28.8,4.299,85.1
2016-07-29,27.3,18.916,93.8
2016-07-30,27.2,32.558,93.6
2016-07-31,28.5,0.0,87.2
2016-08-13,29.1,0.469,84.9
2016-08-14,28.8,4.838,85.7
2016-08-15,30.8,2.149,75.8
2016-08-16,30.9,0.0,71.9
2016-08-17,29.3,0.83,77.3
2016-08-18,29.4,1.045,82.0
2016-08-19,31.2,0.0,73.7
2016-08-20,31.7,0.0,73.0
2016-08-21,30.3,0.0,74.6
2016-08-22,30.5,0.0,71.4
2016-08-23,30.7,0.0,74.3
2016-08-24,29.7,5.448,80.6
2016-08-25,30.0,0.09,81.6
2016-08-26,30.1,15.448,81.8
2016-08-27,30.6,0.0,76.3
2016-08-28,31.6,0.0,73.7
2016-08-29,28.5,20.596,86.6
2016-08-30,28.4,1.0,85.0
2016-08-31,27.1,64.507,90.7
2016-09-13,30.7,0.0,67.6
2016-09-14,29.7,5.104,74.0
2016-09-15,31.0,0.0,65.2
2016-09-16,31.2,0.0,63.4
2016-09-17,31.1,0.0,65.4
2016-09-18,31.2,0.0,65.3
2016-09-19,31.2,0.0,63.0
2016-09-20,31.7,0.0,60.5
2016-09-21,31.5,0.149,64.6
2016-09-22,29.0,0.0,74.1
2016-09-23,29.8,0.0,70.8
2016-09-24,29.9,0.0,71.3
2016-09-25,30.1,0.0,67.6
2016-09-26,30.5,0.0,67.2
2016-09-27,30.8,0.0,65.7
2016-09-28,31.2,0.0,63.1
2016-09-29,30.9,0.0,66.4
2016-09-30,31.1,0.0,66.2
2016-10-13,27.8,0.0,48.3
2016-10-14,27.5,0.0,51.4
2016-10-15,26.5,0.0,53.6
2016-10-16,26.7,0.0,51.9
2016-10-17,26.3,0.0,52.0
2016-10-18,26.2,0.0,52.8
2016-10-19,26.6,0.0,52.4
2016-10-20,26.6,0.0,49.5
2016-10-21,27.2,0.0,48.2
2016-10-22,27.1,0.0,51.4
2016-10-23,25.9,0.0,55.3
2016-10-24,26.1,0.0,52.1
2016-10-25,26.3,0.0,54.1
2016-10-26,25.3,0.0,59.8
2016-10-27,24.6,0.0,60.9
2016-10-28,23.9,0.0,58.4
2016-10-29,23.9,0.0,61.7
2016-10-30,23.4,0.0,68.9
2016-10-31,22.8,0.0,69.3
2016-11-13,22.5,0.0,57.2
2016-11-14,21.6,0.0,61.0
2016-11-15,20.0,0.0,60.1
2016-11-16,19.0,0.0,60.3
2016-11-17,19.3,0.0,56.9
2016-11-18,19.1,0.0,57.8
2016-11-19,19.2,0.0,61.4
2016-11-20,20.0,0.0,60.6
2016-11-21,20.9,0.0,58.6
2016-11-22,20.7,0.0,56.1
2016-11-23,20.0,0.0,59.5
2016-11-24,19.3,0.0,58.0
2016-11-25,20.7,0.0,43.2
2016-11-26,21.9,0.0,40.9
2016-11-27,20.8,0.0,45.2
2016-11-28,20.0,0.0,44.1
2016-11-29,19.1,0.0,55.6
2016-11-30,18.5,0.0,80.0
2016-12-13,18.0,0.0,65.9
2016-12-14,16.5,0.0,72.1
2016-12-15,15.9,0.0,67.8
2016-12-16,15.3,0.0,65.8
2016-12-17,14.6,0.0,76.7
2016-12-18,14.4,0.0,72.4
2016-12-19,14.7,0.0,71.9
2016-12-20,16.1,0.0,66.7
2016-12-21,16.5,0.0,62.4
2016-12-22,15.5,0.0,64.0
2016-12-23,15.3,0.0,77.4
2016-12-24,16.0,0.0,80.9
2016-12-26,15.0,0.0,82.7
2016-12-27,14.8,0.0,75.1
2016-12-28,15.7,0.0,70.9
2016-12-29,14.4,0.0,85.9
2016-12-30,13.3,0.0,89.2
2016-12-31,13.5,0.0,89.7
2017-01-13,11.5,0.0,72.7
2017-01-14,11.8,0.0,75.3
2017-01-15,15.7,0.0,66.7
2017-01-16,13.8,0.0,75.2
2017-01-17,10.0,0.0,87.8
2017-01-18,11.4,0.0,81.3
2017-01-19,12.5,0.0,80.2
2017-01-20,12.1,0.0,78.4
2017-01-21,12.7,0.0,78.0
2017-01-22,15.7,0.0,81.0
2017-01-23,16.2,0.0,81.4
2017-01-24,17.4,0.0,73.8
2017-01-25,19.2,0.597,76.0
2017-01-26,16.4,29.918,92.2
2017-01-27,15.1,0.2,86.1
2017-01-28,13.8,0.0,88.2
2017-01-29,15.0,0.0,84.2
2017-01-30,15.4,0.0,81.9
2017-01-31,16.5,0.0,78.8
2017-02-13,16.7,0.0,68.9
2017-02-14,17.2,0.0,66.4
2017-02-15,18.2,0.0,65.4
2017-02-16,19.8,0.0,62.1
2017-02-17,20.0,0.0,68.1
2017-02-18,21.3,0.0,70.8
2017-02-19,22.8,0.0,64.7
2017-02-20,24.0,0.0,59.2
2017-02-21,20.5,0.0,71.7
2017-02-22,20.1,0.0,61.3
2017-02-23,18.7,0.0,47.5
2017-02-24,18.6,0.0,48.3
2017-02-25,19.3,0.0,49.0
2017-02-26,19.1,0.0,57.9
2017-02-27,20.3,0.0,53.9
2017-02-28,22.5,0.0,53.4
2017-03-13,17.7,0.0,50.8
2017-03-14,18.4,0.0,52.1
2017-03-15,20.3,0.0,53.5
2017-03-16,22.2,0.0,52.9
2017-03-17,21.4,0.0,61.4
2017-03-18,22.6,0.0,52.2
2017-03-19,22.9,0.0,54.7
2017-03-20,22.9,0.0,58.4
2017-03-21,25.1,0.0,52.0
2017-03-22,27.1,0.0,48.3
2017-03-23,28.5,0.0,48.5
2017-03-24,28.1,0.0,47.3
2017-03-25,26.5,0.0,46.2
2017-03-26,27.4,0.0,45.2
2017-03-27,28.9,0.0,44.8
2017-03-28,29.9,0.0,46.8
2017-03-29,30.6,0.0,42.4
2017-03-30,31.1,0.0,40.3
2017-03-31,31.1,0.0,40.4
2017-04-13,30.9,0.0,27.6
2017-04-14,32.3,0.0,29.3
2017-04-15,32.7,0.0,30.0
2017-04-16,32.2,0.0,30.9
2017-04-17,33.3,0.0,38.3
2017-04-18,34.4,0.0,33.4
2017-04-19,35.2,0.0,22.1
2017-04-20,35.5,0.0,27.1
2017-04-21,34.7,0.0,42.5
2017-04-22,33.4,0.0,45.0
2017-04-23,32.9,0.0,35.1
2017-04-24,32.2,0.0,33.8
2017-04-25,31.9,1.701,31.5
2017-04-26,31.2,0.0,32.8
2017-04-27,31.9,0.0,30.4
2017-04-28,32.0,0.17,32.0
2017-04-29,31.3,0.0,35.6
2017-04-30,31.1,0.627,39.4
2017-05-13,35.8,0.0,35.7
2017-05-14,36.7,0.0,28.0
2017-05-15,37.2,0.0,24.9
2017-05-16,35.7,0.0,30.0
2017-05-17,32.5,0.075,40.3
2017-05-18,34.0,0.0,39.6
2017-05-19,33.2,0.455,40.7
2017-05-20,33.7,0.0,35.4
2017-05-21,31.4,14.461,45.7
2017-05-22,27.3,0.2,59.3
2017-05-23,32.1,0.0,46.1
2017-05-24,34.8,0.0,41.7
2017-05-25,35.6,0.0,34.8
2017-05-26,37.2,0.0,33.8
2017-05-27,34.4,0.0,43.4
2017-05-28,31.5,10.358,56.8
2017-05-29,29.0,7.552,65.9
2017-05-30,31.4,0.0,56.9
2017-05-31,29.0,11.403,67.7
2017-06-13,36.1,0.299,35.9
2017-06-14,34.7,0.0,36.7
2017-06-15,34.5,0.0,38.1
2017-06-16,29.0,18.516,68.7
2017-06-17,28.8,2.977,69.1
2017-06-18,31.1,0.09,65.7
2017-06-19,31.2,21.296,70.3
2017-06-20,27.3,17.104,80.6
2017-06-21,28.3,30.623,80.8
2017-06-22,30.0,2.552,69.3
2017-06-23,31.8,0.0,63.3
2017-06-24,33.4,0.0,60.5
2017-06-25,34.8,0.0,58.9
2017-06-26,34.6,0.3,61.9
2017-06-27,34.6,0.2,62.7
2017-06-28,29.2,30.61,81.0
2017-06-29,28.0,17.594,87.8
2017-06-30,27.8,28.703,93.4
2017-07-13,30.8,0.0,71.7
2017-07-14,32.1,0.0,68.7
2017-07-15,31.0,4.253,76.2
2017-07-16,31.7,0.0,76.1
2017-07-17,29.7,17.312,84.2
2017-07-18,32.1,2.3,73.6
2017-07-19,33.2,0.149,67.7
2017-07-20,30.0,29.117,81.3
2017-07-21,31.9,0.0,73.3
2017-07-22,29.7,4.597,80.6
2017-07-23,29.1,17.955,85.7
2017-07-24,29.3,3.449,83.2
2017-07-25,28.8,2.344,85.9
2017-07-26,30.6,0.0,77.4
2017-07-27,31.5,0.0,72.6
2017-07-28,31.3,5.448,75.0
2017-07-29,30.5,0.0,78.3
2017-07-30,30.3,0.0,74.8
2017-07-31,28.3,22.299,89.6
2017-08-13,30.9,0.0,70.0
2017-08-14,31.4,0.0,66.3
2017-08-15,32.0,0.1,65.1
2017-08-16,31.9,0.1,64.4
2017-08-17,32.8,0.0,62.5
2017-08-18,33.1,0.0,62.5
2017-08-19,28.5,24.851,88.3
2017-08-20,31.0,0.0,76.1
2017-08-21,31.5,0.0,74.7
2017-08-22,30.9,0.917,78.3
2017-08-23,28.8,35.249,87.6
2017-08-24,29.7,0.0,79.7
2017-08-25,29.9,6.033,81.6
2017-08-26,28.3,12.909,85.6
2017-08-27,29.5,1.299,77.3
2017-08-28,29.6,0.51,78.5
2017-08-29,30.1,0.851,76.9
2017-08-30,30.4,5.643,78.5
2017-08-31,27.5,56.324,92.7
2017-09-13,31.8,0.0,66.7
2017-09-14,31.6,0.0,69.0
2017-09-15,31.8,0.0,61.7
2017-09-16,29.5,0.0,71.2
2017-09-17,29.7,0.0,69.1
2017-09-18,30.1,0.0,65.8
2017-09-19,31.1,0.0,59.4
2017-09-20,30.9,0.0,58.6
2017-09-21,29.9,0.0,70.3
2017-09-22,26.1,42.207,88.8
2017-09-23,24.6,30.556,94.3
2017-09-24,26.4,0.0,84.4
2017-09-25,29.1,0.0,73.3
2017-09-26,30.0,0.0,70.7
2017-09-27,29.9,0.0,65.3
2017-09-28,30.4,0.0,62.7
2017-09-30,29.7,0.0,60.3
2017-10-13,28.2,0.0,58.9
2017-10-14,28.1,0.0,57.4
2017-10-15,27.9,0.0,53.7
2017-10-16,27.1,0.0,54.5
2017-10-17,26.7,0.0,55.6
2017-10-18,27.0,0.0,55.2
2017-10-19,27.1,0.0,62.2
2017-10-20,27.5,0.0,60.2
2017-10-21,26.3,0.0,58.6
2017-10-22,26.5,0.0,58.3
2017-10-23,26.8,0.0,53.5
2017-10-24,25.8,0.0,50.8
2017-10-25,24.6,0.0,52.6
2017-10-26,24.9,0.0,57.3
2017-10-27,24.7,0.0,61.6
2017-10-28,24.6,0.0,58.8
2017-10-29,24.5,0.0,60.1
2017-10-30,24.1,0.0,65.5
2017-10-31,23.6,0.0,66.5
2017-11-13,20.2,0.0,71.6
2017-11-14,21.1,0.0,67.1
2017-11-15,20.7,0.0,62.4
2017-11-16,19.8,0.0,67.2
2017-11-17,19.8,0.0,66.5
2017-11-18,20.1,0.425,68.8
2017-11-19,19.1,0.0,53.3
2017-11-20,17.0,0.0,52.8
2017-11-21,16.2,0.0,55.3
2017-11-22,16.8,0.0,50.3
2017-11-23,16.6,0.0,51.3
2017-11-24,17.1,0.0,47.8
2017-11-25,17.7,0.0,47.7
2017-11-26,17.9,0.0,51.8
2017-11-27,17.4,0.0,53.8
2017-11-28,18.3,0.0,50.9
2017-11-29,19.1,0.0,51.7
2017-11-30,18.6,0.0,57.2
2017-12-13,14.9,0.0,86.8
2017-12-14,13.5,0.0,83.7
2017-12-15,12.4,0.0,78.2
2017-12-16,12.4,0.0,74.8
2017-12-17,13.9,0.0,59.8
2017-12-18,15.3,0.0,57.8
2017-12-19,15.1,0.0,61.9
2017-12-20,16.0,0.0,72.6
2017-12-21,17.3,0.0,73.0
2017-12-22,16.3,0.0,66.3
2017-12-23,15.7,0.0,61.4
2017-12-24,15.7,0.0,61.1
2017-12-25,14.7,0.0,71.4
2017-12-26,14.6,0.0,72.7
2017-12-27,15.6,0.0,67.5
2017-12-28,16.1,0.0,63.9
2017-12-29,15.4,0.0,67.0
2017-12-30,14.5,0.0,73.4
2017-12-31,13.3,0.0,76.6
2018-01-01,12.5,0.0,82.5
2018-01-02,11.8,0.0,85.5
2018-01-03,11.1,0.0,86.6
2018-01-04,10.9,0.0,86.2
2018-01-05,11.7,0.0,81.0
2018-01-06,11.2,0.0,79.6
2018-01-07,12.1,0.0,73.2
2018-01-08,12.3,0.0,70.0
2018-01-09,12.6,0.0,72.2
2018-01-10,13.8,0.0,68.1
2018-01-11,13.8,0.0,66.7
2018-01-12,14.6,0.0,62.9
2018-01-13,14.3,0.0,65.6
2018-01-14,14.3,0.0,62.6
2018-01-15,13.9,0.0,70.1
2018-01-16,15.2,0.0,58.7
2018-01-17,14.4,0.0,70.8
2018-01-18,16.7,0.0,73.2
2018-01-19,15.1,0.0,80.0
2018-01-20,13.9,0.0,73.2
2018-01-21,14.3,0.0,64.6
2018-01-22,15.4,0.0,66.5
2018-01-23,13.5,3.463,83.2
2018-01-24,12.6,0.0,89.1
2018-01-25,11.8,0.0,93.3
2018-01-26,11.7,0.0,90.4
2018-01-27,12.6,0.0,82.0
2018-01-28,13.0,0.0,77.8
2018-01-29,13.8,0.0,74.8
2018-01-30,16.9,0.0,64.6
2018-01-31,16.9,0.0,71.1
2018-02-01,18.4,0.0,62.9
2018-02-02,17.9,0.0,69.2
2018-02-03,16.9,0.0,58.2
2018-02-04,15.1,0.0,60.0
2018-02-05,14.8,0.0,55.8
2018-02-06,16.1,0.0,54.7
2018-02-07,15.0,0.0,58.1
2018-02-08,14.7,0.0,60.5
2018-02-09,15.4,0.0,60.0
2018-02-10,16.3,0.0,54.9
2018-02-11,18.1,0.0,49.2
2018-02-12,16.5,0.0,71.6
2018-02-13,16.6,0.0,75.9
2018-02-14,15.8,0.0,65.8
2018-02-15,16.8,0.0,67.7
2018-02-16,17.5,0.0,72.1
2018-02-17,18.4,0.0,68.5
2018-02-18,18.3,0.0,63.7
2018-02-19,18.6,0.0,57.4
2018-02-20,19.7,0.0,59.3
2018-02-21,22.5,0.0,54.3
2018-02-22,22.9,0.0,60.8
2018-02-23,23.9,0.0,58.2
2018-02-24,24.7,0.0,57.3
2018-02-25,23.1,0.0,60.3
2018-02-26,20.8,0.0,65.6
2018-02-27,22.5,0.0,63.9
2018-02-28,23.2,0.0,66.8
2018-03-01,22.9,0.0,59.7
2018-03-02,23.5,0.0,57.4
2018-03-03,24.5,0.0,55.4
2018-03-04,23.1,0.0,55.1
2018-03-05,21.9,0.0,58.0
2018-03-06,21.0,0.0,58.8
2018-03-07,21.6,0.0,56.1
2018-03-08,23.5,0.0,52.6
2018-03-09,24.3,0.0,52.9
2018-03-10,24.1,0.0,52.0
2018-03-11,23.9,0.0,55.6
2018-03-12,25.0,0.0,51.2
2018-03-13,26.5,0.0,45.8
2018-03-14,26.7,0.0,36.4
2018-03-15,25.6,0.0,44.5
2018-03-16,24.6,0.0,50.6
2018-03-17,23.6,0.0,45.3
2018-03-18,24.3,0.0,42.3
2018-03-19,25.7,0.0,41.9
2018-03-20,26.9,0.0,42.0
2018-03-21,26.5,0.0,48.4
2018-03-22,24.5,0.0,57.6
2018-03-23,24.0,0.0,54.2
2018-03-24,25.4,0.0,50.2
2018-03-25,25.6,0.0,50.1
2018-03-26,26.5,0.0,45.7
2018-03-27,28.1,0.0,37.0
2018-03-28,29.3,0.0,34.7
2018-03-29,28.6,0.0,38.6
2018-03-30,28.8,0.0,37.1
2018-03-31,26.8,0.0,46.2
2018-04-01,28.4,0.0,44.8
2018-04-02,29.3,0.0,44.3
2018-04-03,31.2,0.0,41.8
2018-04-04,32.0,0.0,40.3
2018-04-05,31.7,0.0,40.3
2018-04-06,29.3,5.0,43.4
2018-04-07,28.2,0.0,49.6
2018-04-08,29.5,0.0,48.0
2018-04-09,26.1,2.612,59.8
2018-04-10,28.4,0.0,54.1
2018-04-11,26.8,0.0,53.7
2018-04-12,27.1,5.149,49.2
2018-04-13,28.9,0.0,32.8
2018-04-14,29.3,0.0,30.0
2018-04-15,31.3,0.0,32.9
2018-04-16,32.1,0.0,34.3
2018-04-17,32.6,0.0,29.8
2018-04-18,32.3,0.0,27.1
2018-04-19,32.8,0.0,27.2
2018-04-20,33.0,0.0,24.1
2018-04-21,29.6,0.0,29.5
2018-04-22,29.1,0.0,24.4
2018-04-23,30.0,0.0,21.3
2018-04-24,31.4,0.0,23.1
2018-04-25,33.2,0.0,21.5
2018-04-26,34.7,0.0,21.3
2018-04-27,33.2,0.0,39.3
2018-04-28,33.7,0.0,41.3
2018-04-29,32.5,1.299,48.1
2018-04-30,32.1,0.0,48.1
2018-05-01,31.6,0.0,50.6
2018-05-02,30.4,11.506,53.8
2018-05-03,29.4,0.0,48.9
2018-05-04,31.0,4.298,51.8
2018-05-05,33.5,0.3,41.5
2018-05-06,32.4,0.0,37.3
2018-05-07,33.2,0.0,33.7
2018-05-08,29.9,0.0,38.7
2018-05-09,28.7,1.129,46.6
2018-05-10,31.8,0.0,42.5
2018-05-11,34.6,0.0,33.7
2018-05-12,35.3,0.597,38.3
2018-05-13,32.3,6.924,48.7
2018-05-14,29.9,0.0,48.5
2018-05-15,32.1,0.0,49.3
2018-05-16,34.6,0.17,33.9
2018-05-17,35.5,0.0,27.0
2018-05-18,34.6,0.0,31.1
2018-05-19,34.4,0.0,35.8
2018-05-20,34.8,0.0,26.4
2018-05-21,36.3,0.0,17.4
2018-05-22,37.2,0.0,19.0
2018-05-23,36.8,0.0,26.2
2018-05-24,36.4,0.0,23.0
2018-05-25,36.5,0.0,18.4
2018-05-26,37.0,0.0,18.8
2018-05-27,37.9,0.0,16.1
2018-05-28,36.6,0.0,26.6
2018-05-29,37.0,0.0,31.1
2018-05-30,34.9,0.0,42.6
2018-05-31,36.3,0.0,37.8
2018-06-01,35.2,0.0,45.7
2018-06-02,32.4,0.0,45.9
2018-06-03,34.0,0.0,51.5
2018-06-04,36.2,0.0,45.8
2018-06-05,36.5,0.0,45.9
2018-06-06,33.6,0.0,57.4
2018-06-07,36.1,0.0,51.2
2018-06-08,36.2,0.0,50.8
2018-06-09,32.3,8.285,67.1
2018-06-10,32.4,0.299,61.9
2018-06-11,35.3,0.0,51.7
2018-06-12,36.7,0.0,45.9
2018-06-13,38.2,0.0,38.8
2018-06-14,37.6,0.0,35.2
2018-06-15,36.8,0.0,37.0
2018-06-16,35.8,0.0,44.4
2018-06-17,32.6,0.0,55.0
2018-06-18,32.6,0.0,51.5
2018-06-19,33.6,0.0,48.4
2018-06-20,36.1,0.0,42.2
2018-06-21,36.5,0.0,42.3
2018-06-22,37.7,0.0,37.7
2018-06-23,37.9,0.0,38.1
2018-06-24,37.5,0.0,35.8
2018-06-25,37.0,0.0,39.7
2018-06-26,32.9,0.0,52.1
2018-06-27,31.0,5.686,72.1
2018-06-28,29.4,20.643,82.8
2018-06-29,29.9,6.954,78.4
2018-06-30,30.6,0.0,77.4
2018-07-01,32.3,0.03,72.6
2018-07-02,32.1,26.494,66.6
2018-07-03,31.2,0.0,71.2
2018-07-04,31.8,4.403,69.3
2018-07-05,31.8,33.922,70.3
2018-07-06,33.0,0.0,61.0
2018-07-07,34.1,0.0,56.5
2018-07-08,35.2,0.0,52.1
2018-07-09,34.7,0.0,61.3
2018-07-10,33.8,0.0,66.0
2018-07-11,32.4,0.0,70.5
2018-07-12,32.5,0.149,68.9
2018-07-13,29.1,48.37,85.5
2018-07-14,29.4,1.045,86.0
2018-07-15,31.3,0.0,76.9
2018-07-16,30.1,30.954,87.2
2018-07-17,32.3,0.0,74.9
2018-07-18,32.3,0.119,74.0
2018-07-19,31.9,0.9,75.4
2018-07-20,29.9,23.968,83.6
2018-07-21,29.4,7.403,86.9
2018-07-22,28.7,25.019,91.0
2018-07-23,30.3,0.832,80.2
2018-07-24,32.4,0.1,72.0
2018-07-25,29.5,0.91,86.3
2018-07-26,27.4,19.687,95.8
2018-07-27,27.0,31.656,97.3
2018-07-28,27.5,4.999,93.7
2018-07-29,29.9,0.0,81.9
2018-07-30,30.2,22.61,78.4
2018-07-31,30.8,1.728,75.4
2018-08-01,30.9,0.0,71.9
2018-08-02,31.4,0.0,68.1
2018-08-03,31.2,0.0,67.0
2018-08-04,31.8,0.0,62.3
2018-08-05,30.1,0.06,72.7
2018-08-06,28.0,3.092,85.8
2018-08-07,28.5,6.838,86.9
2018-08-08,29.9,0.51,83.4
2018-08-09,31.4,0.7,75.9
2018-08-10,31.0,38.279,77.9
2018-08-11,31.7,0.09,74.8
2018-08-12,30.7,0.97,72.3
2018-08-13,30.4,7.23,75.3
2018-08-14,31.3,7.447,75.0
2018-08-15,31.2,0.0,74.3
2018-08-16,30.6,3.448,78.4
2018-08-17,31.7,0.0,77.0
2018-08-18,31.2,4.283,78.4
2018-08-19,28.9,34.474,88.6
2018-08-20,30.2,0.4,83.9
2018-08-21,31.4,0.0,76.8
2018-08-22,30.8,0.37,78.1
2018-08-23,29.2,4.701,86.0
2018-08-24,29.9,0.0,80.9
2018-08-25,29.9,0.0,76.0
2018-08-26,30.8,0.0,73.1
2018-08-27,29.8,4.463,82.7
2018-08-28,28.2,53.818,92.7
2018-08-29,28.3,16.747,91.5
2018-08-30,30.6,0.0,81.7
2018-08-31,31.2,0.0,76.1
2018-09-01,28.2,41.876,89.1
2018-09-02,27.2,32.76,91.9
2018-09-03,27.1,34.175,92.9
2018-09-04,27.6,9.357,91.7
2018-09-05,27.8,2.119,87.9
2018-09-06,29.6,19.851,78.8
2018-09-07,27.8,10.111,90.0
2018-09-08,28.2,7.643,87.3
2018-09-09,28.0,0.0,83.6
2018-09-10,28.3,0.0,84.1
2018-09-11,30.0,0.1,80.2
2018-09-12,29.9,0.0,77.2
2018-09-13,29.9,0.0,71.3
2018-09-14,29.5,0.0,71.5
2018-09-15,30.0,0.0,67.5
2018-09-16,29.9,0.0,68.9
2018-09-17,29.8,0.0,70.6
2018-09-18,29.9,0.0,67.8
2018-09-19,29.9,0.0,67.2
2018-09-20,29.5,0.0,69.1
2018-09-21,28.8,4.149,73.1
2018-09-22,25.5,25.237,89.6
2018-09-23,26.9,9.39,88.7
2018-09-24,25.2,18.76,94.5
2018-09-25,24.2,0.618,91.9
2018-09-26,27.0,0.0,81.3
2018-09-27,28.4,0.0,76.3
2018-09-28,29.6,0.0,68.4
2018-09-29,28.8,0.0,67.0
2018-09-30,28.5,0.0,68.7
2018-10-01,28.7,0.0,67.5
2018-10-02,29.2,0.0,65.5
2018-10-03,29.2,0.0,58.3
2018-10-04,29.1,0.0,63.7
2018-10-05,28.7,0.0,64.3
2018-10-06,27.7,0.0,61.8
2018-10-07,27.1,0.0,62.1
2018-10-08,28.0,0.0,59.3
2018-10-09,28.4,0.0,60.0
2018-10-10,28.3,0.0,68.0
2018-10-11,26.2,0.0,63.1
2018-10-12,25.2,0.0,56.2
2018-10-13,24.6,0.0,60.9
2018-10-14,25.1,0.0,56.2
2018-10-15,25.8,0.0,57.1
2018-10-16,26.4,0.0,57.4
2018-10-17,26.8,0.0,52.8
2018-10-18,26.4,0.0,58.3
2018-10-19,25.4,0.0,59.9
2018-10-20,25.1,0.0,56.7
2018-10-21,24.4,0.0,53.8
2018-10-22,23.7,0.0,53.8
2018-10-23,24.1,0.0,52.3
2018-10-24,24.7,0.0,55.7
2018-10-25,24.2,0.0,58.2
2018-10-26,23.3,0.0,62.0
2018-10-27,23.2,0.0,64.9
2018-10-28,23.7,0.0,61.5
2018-10-29,23.2,0.0,65.5
2018-10-30,23.8,0.0,64.3
2018-10-31,23.4,0.0,67.9
2018-11-01,23.7,0.0,66.5
2018-11-02,23.7,0.0,66.5
2018-11-03,24.2,0.17,65.7
2018-11-04,23.3,0.0,59.5
2018-11-05,19.6,0.0,69.8
2018-11-06,20.7,0.0,51.9
2018-11-07,19.4,0.0,47.0
2018-11-08,18.3,0.0,60.5
2018-11-09,19.7,0.0,65.9
2018-11-10,20.2,0.0,68.3
2018-11-11,21.3,0.0,63.2
2018-11-12,21.7,0.0,66.9
2018-11-13,21.8,0.2,71.5
2018-11-14,22.3,6.352,74.6
2018-11-15,21.3,0.0,74.2
2018-11-16,19.7,0.0,64.9
2018-11-17,19.2,0.0,64.4
2018-11-18,20.1,0.0,66.7
2018-11-19,21.6,0.0,64.8
2018-11-20,20.8,0.0,73.1
2018-11-21,20.0,0.0,66.9
2018-11-22,19.5,0.0,60.2
2018-11-23,19.7,0.0,57.6
2018-11-24,19.4,0.0,55.2
2018-11-25,19.2,0.0,59.2
2018-11-26,18.5,0.0,69.5
2018-11-27,19.9,0.0,67.0
2018-11-28,20.4,0.0,70.3
2018-11-29,19.5,0.0,72.3
2018-11-30,18.5,0.0,72.2
2018-12-01,18.1,0.0,66.3
2018-12-02,17.9,0.0,64.4
2018-12-03,17.6,0.0,64.7
2018-12-04,16.9,0.0,68.9
2018-12-05,16.9,0.0,71.5
2018-12-06,16.7,0.0,73.8
2018-12-07,16.2,0.0,72.8
2018-12-08,15.4,0.0,75.6
2018-12-09,16.1,0.0,70.0
2018-12-10,16.3,0.0,74.3
2018-12-11,15.9,0.085,78.8
2018-12-12,16.7,0.941,81.4
2018-12-13,15.5,0.0,79.4
2018-12-14,14.7,0.0,80.3
2018-12-15,14.4,0.0,78.3
2018-12-16,14.4,0.0,72.5
2018-12-17,13.6,0.0,73.0
2018-12-18,13.3,0.0,71.6
2018-12-19,13.6,0.0,70.6
2018-12-20,13.0,0.0,70.2
2018-12-21,12.3,0.0,71.9
2018-12-22,12.9,0.0,70.8
2018-12-23,13.3,0.0,74.6
2018-12-24,13.0,0.0,74.9
2018-12-25,11.5,0.0,83.8
2018-12-26,11.7,0.0,72.6
2018-12-27,12.4,0.0,68.2
2018-12-28,10.9,0.0,76.9
2018-12-29,11.5,0.0,70.4
2018-12-30,12.2,0.0,70.7
2018-12-31,12.6,0.0,69.5
2019-01-01,13.2,0.0,70.1
2019-01-02,14.9,0.0,70.6
2019-01-03,12.6,0.0,83.1
2019-01-04,11.9,0.0,87.3
2019-01-05,13.3,0.0,78.8
2019-01-06,14.2,5.552,81.6
2019-01-07,12.9,0.0,86.7
2019-01-08,12.8,0.0,84.5
2019-01-09,13.3,0.0,74.2
2019-01-10,13.1,0.0,72.0
2019-01-11,14.0,0.0,71.9
2019-01-12,14.8,0.0,72.2
2019-01-13,15.8,0.0,74.2
2019-01-14,13.3,0.0,64.5
2019-01-15,11.2,0.0,71.1
2019-01-16,12.6,0.0,73.3
2019-01-17,13.4,0.0,74.6
2019-01-18,12.6,0.0,78.4
2019-01-19,15.1,0.0,71.6
2019-01-20,18.3,0.0,63.9
2019-01-21,16.8,10.507,79.2
2019-01-22,15.2,29.553,95.0
2019-01-23,13.0,0.0,93.4
2019-01-24,14.7,2.701,86.7
2019-01-25,13.8,2.552,83.5
2019-01-26,12.5,0.0,70.3
2019-01-27,11.2,0.0,77.9
2019-01-28,11.9,0.0,72.6
2019-01-29,12.2,0.0,69.3
2019-01-30,13.1,0.0,69.6
2019-01-31,14.6,0.0,72.6
2019-02-01,15.4,0.0,81.4
2019-02-02,12.1,0.0,95.1
2019-02-03,13.2,0.0,91.4
2019-02-04,14.1,0.0,81.5
2019-02-05,16.8,0.0,77.4
2019-02-06,18.6,0.681,84.6
2019-02-07,16.4,7.033,93.7
2019-02-08,13.9,0.0,78.6
2019-02-09,13.6,0.0,76.4
2019-02-10,13.7,0.0,76.9
2019-02-11,15.2,0.0,73.9
2019-02-12,16.7,0.0,78.7
2019-02-13,18.3,0.0,73.6
2019-02-14,17.4,9.806,86.2
2019-02-15,16.7,0.1,85.8
2019-02-16,15.3,0.0,91.4
2019-02-17,15.5,0.0,83.5
2019-02-18,18.1,0.63,73.0
2019-02-19,18.4,0.0,79.7
2019-02-20,18.1,2.171,87.5
2019-02-21,21.0,0.0,71.6
2019-02-22,18.7,0.0,78.5
2019-02-23,16.4,0.0,66.5
2019-02-24,17.1,0.0,65.4
2019-02-25,17.2,1.851,65.0
2019-02-26,15.7,0.17,67.7
2019-02-27,15.0,0.0,71.7
2019-02-28,15.0,0.0,69.4
2019-03-01,16.3,0.0,62.9
2019-03-02,15.6,6.391,81.3
2019-03-03,16.6,2.722,85.2
2019-03-04,18.2,0.0,80.9
2019-03-05,17.7,0.0,72.4
2019-03-06,17.7,0.0,65.8
2019-03-07,18.7,0.0,62.1
2019-03-08,19.8,0.0,63.1
2019-03-09,20.1,0.0,60.0
2019-03-10,19.6,0.0,56.4
2019-03-11,21.4,0.555,59.5
2019-03-12,21.1,0.0,61.3
2019-03-13,20.1,0.0,61.8
2019-03-14,18.0,0.77,73.2
2019-03-15,18.6,0.0,71.5
2019-03-16,19.6,0.0,66.1
2019-03-17,21.1,0.0,60.0
2019-03-18,21.1,0.0,61.9
2019-03-19,22.7,0.0,59.6
2019-03-20,25.7,0.0,51.7
2019-03-21,25.1,0.0,51.5
2019-03-22,23.5,0.0,45.9
2019-03-23,23.2,0.0,49.8
2019-03-24,24.0,0.0,51.6
2019-03-25,23.0,0.0,61.0
2019-03-26,23.2,0.0,58.9
2019-03-27,24.6,0.0,51.5
2019-03-28,26.3,0.0,54.4
2019-03-29,28.6,0.0,53.4
2019-03-30,30.2,0.255,50.0
2019-03-31,28.4,0.0,42.4
2019-04-01,26.6,0.0,41.5
2019-04-02,27.1,0.0,42.2
2019-04-03,27.9,0.0,42.3
2019-04-04,29.8,0.0,44.5
2019-04-05,30.8,0.0,44.1
2019-04-06,31.9,0.0,38.0
2019-04-07,30.0,5.851,55.2
2019-04-08,28.0,0.0,53.2
2019-04-09,29.6,0.0,48.7
2019-04-10,31.3,0.0,44.5
2019-04-11,32.0,0.0,38.4
2019-04-12,30.6,0.625,42.4
2019-04-13,31.2,0.0,38.7
2019-04-14,31.6,0.0,37.0
2019-04-15,33.2,0.0,33.6
2019-04-16,25.8,1.2,58.9
2019-04-17,23.1,0.544,66.0
2019-04-18,24.6,0.0,59.5
2019-04-19,26.2,0.0,51.8
2019-04-20,28.0,0.0,47.3
2019-04-21,30.4,0.0,39.5
2019-04-22,31.7,0.0,41.5
2019-04-23,33.0,0.0,40.0
2019-04-24,34.9,0.0,38.5
2019-04-25,34.1,0.0,46.1
2019-04-26,33.5,0.0,35.3
2019-04-27,34.6,0.0,27.2
2019-04-28,34.4,0.0,24.5
2019-04-29,34.4,0.0,25.5
2019-04-30,35.4,0.0,26.7
2019-05-01,34.3,0.0,32.3
2019-05-02,32.7,0.0,37.8
2019-05-03,30.6,4.448,44.8
2019-05-04,31.7,0.0,36.1
2019-05-05,32.0,0.0,28.5
2019-05-06,33.2,0.0,29.4
2019-05-07,33.3,0.0,31.4
2019-05-08,34.5,0.0,31.5
2019-05-09,35.2,0.0,29.4
2019-05-10,34.8,0.1,32.3
2019-05-11,33.0,0.0,40.1
2019-05-12,32.7,0.0,41.0
2019-05-13,31.7,3.896,46.0
2019-05-14,30.0,0.0,52.5
2019-05-15,29.2,1.747,59.1
2019-05-16,30.4,0.0,54.2
2019-05-17,28.3,12.344,62.3
2019-05-18,27.0,0.0,64.5
2019-05-19,31.2,0.0,44.4
2019-05-20,32.8,0.0,37.7
2019-05-21,33.9,0.0,35.7
2019-05-22,33.0,0.0,41.0
2019-05-23,32.1,4.299,48.4
2019-05-24,29.4,0.0,59.7
2019-05-25,31.5,0.0,44.9
2019-05-26,33.0,0.0,34.1
2019-05-27,34.9,0.0,27.6
2019-05-28,35.1,0.0,23.4
2019-05-29,36.1,0.0,26.6
2019-05-30,37.3,0.0,25.9
2019-05-31,37.2,0.0,24.9
2019-06-01,37.3,0.0,33.9
2019-06-02,36.8,0.0,45.5
2019-06-03,35.4,0.0,47.2
2019-06-04,35.5,0.0,45.1
2019-06-05,36.9,0.0,41.1
2019-06-06,36.7,0.0,34.6
2019-06-07,34.0,0.0,46.0
2019-06-08,36.9,0.0,39.0
2019-06-09,37.2,0.0,31.8
2019-06-10,39.0,0.0,26.0
2019-06-11,38.7,0.0,25.2
2019-06-12,35.6,0.0,38.6
2019-06-13,36.0,0.0,40.4
2019-06-14,36.8,0.0,30.4
2019-06-15,37.1,0.0,26.9
2019-06-16,31.5,0.23,53.4
2019-06-17,30.4,0.34,52.5
2019-06-18,27.8,7.913,62.3
2019-06-19,31.1,0.0,56.0
2019-06-20,32.2,0.0,52.8
2019-06-21,34.2,0.0,50.2
2019-06-22,35.0,0.0,45.0
2019-06-23,34.7,0.0,53.6
2019-06-24,31.1,0.0,66.4
2019-06-25,33.3,0.0,60.0
2019-06-26,35.9,0.0,48.7
2019-06-27,35.0,0.0,46.5
2019-06-28,35.2,0.0,43.4
2019-06-29,37.4,0.0,36.6
2019-06-30,37.5,0.0,38.5
2019-07-01,36.2,0.0,42.6
2019-07-02,35.4,0.0,48.4
2019-07-03,34.8,0.0,54.1
2019-07-04,31.7,1.236,69.6
2019-07-05,29.8,21.565,78.6
2019-07-06,31.9,0.0,68.6
2019-07-07,31.8,0.0,68.4
2019-07-08,32.7,0.1,66.9
2019-07-09,31.2,0.34,70.1
2019-07-10,33.6,0.0,63.2
2019-07-11,35.1,0.0,53.4
2019-07-12,34.7,0.0,55.7
2019-07-13,35.2,0.0,51.4
2019-07-14,34.0,0.0,56.2
2019-07-15,28.7,28.552,77.0
2019-07-16,28.8,2.642,78.6
2019-07-17,27.5,19.911,85.0
2019-07-18,26.9,21.709,86.5
2019-07-19,31.0,0.0,70.6
2019-07-20,30.1,9.747,79.9
2019-07-21,29.8,42.876,82.8
2019-07-22,30.7,3.403,82.0
2019-07-23,33.3,0.0,70.2
2019-07-24,32.7,17.863,71.9
2019-07-25,28.3,0.515,83.6
2019-07-26,28.1,10.149,88.5
2019-07-27,28.1,3.046,90.4
2019-07-28,29.3,5.403,84.5
2019-07-29,30.9,0.0,76.8
2019-07-30,30.7,0.0,75.8
2019-07-31,30.8,5.2,76.9
2019-08-01,31.9,0.0,73.2
2019-08-02,30.1,1.494,80.0
2019-08-03,29.2,2.282,85.1
2019-08-04,30.0,3.966,85.3
2019-08-05,30.9,0.415,82.9
2019-08-06,27.8,35.527,94.2
2019-08-07,30.0,0.0,81.8
2019-08-08,32.1,0.0,73.7
2019-08-09,31.1,0.766,71.7
2019-08-10,30.2,0.0,78.7
2019-08-11,31.8,0.0,72.2
2019-08-12,30.6,1.111,80.8
2019-08-13,29.7,12.24,85.3
2019-08-14,29.4,8.585,87.5
2019-08-15,30.4,6.942,81.0
2019-08-16,29.0,1.761,83.0
2019-08-17,26.9,11.342,93.0
2019-08-18,27.3,33.009,90.8
2019-08-19,29.9,0.045,76.2
2019-08-20,30.6,0.0,75.3
2019-08-21,31.2,0.0,72.2
2019-08-22,29.5,0.17,74.9
2019-08-23,31.0,0.51,69.9
2019-08-24,30.4,0.299,76.7
2019-08-25,28.4,2.469,84.2
2019-08-26,30.5,0.0,75.0
2019-08-27,32.0,0.0,69.9
2019-08-28,32.6,0.0,68.7
2019-08-29,32.3,0.0,69.4
2019-08-30,31.9,0.0,70.9
2019-08-31,32.3,0.809,69.7
2019-09-01,29.9,0.34,78.9
2019-09-02,31.4,0.0,72.8
2019-09-03,31.9,0.0,72.8
2019-09-04,31.4,0.0,76.9
2019-09-05,31.0,0.0,76.3
2019-09-06,30.8,0.03,75.5
2019-09-07,30.1,39.98,79.4
2019-09-08,31.0,39.98,75.0
2019-09-09,32.3,0.0,67.2
2019-09-10,32.6,0.0,65.1
2019-09-11,33.0,0.0,64.5
2019-09-12,32.3,0.0,72.2
2019-09-13,31.8,0.0,73.3
2019-09-14,31.2,0.0,71.7
2019-09-15,30.1,1.835,78.2
2019-09-16,31.5,0.0,71.6
2019-09-17,31.4,0.493,68.1
2019-09-18,30.3,0.1,69.0
2019-09-19,28.5,0.03,75.7
2019-09-20,29.7,0.0,72.0
2019-09-21,28.4,24.494,79.3
2019-09-22,26.4,0.03,85.3
2019-09-23,27.4,0.0,79.1
2019-09-24,28.2,0.0,75.5
2019-09-25,28.4,0.0,75.5
2019-09-26,28.7,0.0,75.0
2019-09-27,27.7,0.0,77.7
2019-09-28,27.5,0.0,77.8
2019-09-29,26.8,0.305,80.6
2019-09-30,26.8,0.299,80.7
2019-10-01,27.5,0.299,79.0
2019-10-02,28.0,0.0,73.6
2019-10-03,27.9,44.312,72.2
2019-10-04,26.2,0.0,76.9
2019-10-05,26.6,0.0,65.4
2019-10-06,26.9,0.0,66.8
2019-10-07,26.9,0.0,67.2
2019-10-08,26.4,0.0,61.4
2019-10-09,27.1,0.0,62.9
2019-10-10,27.2,0.0,60.1
2019-10-11,26.9,0.0,61.9
2019-10-12,27.4,0.0,63.8
2019-10-13,27.2,0.0,62.4
2019-10-14,27.0,0.0,63.9
2019-10-15,27.4,0.0,63.4
2019-10-16,27.9,0.134,65.3
2019-10-17,27.5,0.0,65.3
2019-10-18,27.4,0.0,59.9
2019-10-19,26.6,0.0,58.9
2019-10-20,25.9,0.0,57.7
2019-10-21,24.8,0.0,57.1
2019-10-22,24.0,0.0,57.2
2019-10-23,24.5,0.0,56.6
2019-10-24,24.7,0.0,63.0
2019-10-25,24.5,0.0,62.1
2019-10-26,24.3,0.0,64.2
2019-10-27,24.5,0.0,60.2
2019-10-28,24.3,0.0,59.2
2019-10-29,23.9,0.0,69.2
2019-10-30,24.9,0.0,62.8
2019-10-31,24.3,0.0,64.2
2019-11-01,24.8,0.0,67.0
2019-11-02,23.9,0.045,71.2
2019-11-03,22.8,0.255,77.7
2019-11-04,23.4,0.0,68.7
2019-11-05,23.3,0.0,58.8
2019-11-06,23.6,0.0,52.8
2019-11-07,21.0,0.771,71.8
2019-11-08,22.2,0.3,69.3
2019-11-09,22.1,0.0,63.6
2019-11-10,21.2,0.0,60.1
2019-11-11,20.8,0.0,56.1
2019-11-12,20.0,0.0,58.2
2019-11-13,20.8,0.0,62.8
2019-11-14,20.9,0.0,69.7
2019-11-15,21.3,0.0,70.6
2019-11-16,21.8,0.0,63.2
2019-11-17,21.1,0.0,63.9
2019-11-18,19.6,0.0,66.6
2019-11-19,19.7,0.0,63.0
2019-11-20,19.8,0.0,63.1
2019-11-21,19.8,0.0,64.2
2019-11-22,21.0,0.0,59.3
2019-11-23,20.6,0.0,63.0
2019-11-24,20.6,0.0,66.9
2019-11-25,20.9,0.0,65.7
2019-11-26,22.1,0.0,60.1
2019-11-27,20.6,0.0,70.4
2019-11-28,19.1,0.119,75.3
2019-11-29,18.4,0.0,76.6
2019-11-30,16.8,0.0,82.3
2019-12-01,16.5,0.0,73.1
2019-12-02,15.8,0.0,68.8
2019-12-03,16.0,0.0,60.2
2019-12-04,16.2,0.0,59.9
2019-12-05,16.0,0.0,65.8
2019-12-06,16.3,0.0,74.2
2019-12-07,16.3,0.0,76.6
2019-12-08,16.4,0.0,73.9
2019-12-09,16.0,0.0,67.4
2019-12-10,15.4,0.0,70.4
2019-12-11,16.2,0.0,70.0
2019-12-12,16.9,27.045,75.4
2019-12-13,15.5,7.34,90.9
2019-12-14,14.6,0.0,82.7
2019-12-15,13.6,0.0,87.3
2019-12-16,11.2,0.0,93.7
2019-12-17,11.0,0.0,86.0
2019-12-18,11.4,0.0,85.8
2019-12-19,10.3,0.0,92.8
2019-12-20,11.1,0.0,94.6
2019-12-21,12.4,0.0,92.7
2019-12-22,10.8,0.0,96.1
2019-12-23,9.7,0.0,93.8
2019-12-24,10.3,0.0,90.9
2019-12-25,8.5,0.0,94.8
2019-12-26,8.4,0.0,89.9
2019-12-27,8.5,0.0,86.3
2019-12-28,7.0,0.0,95.0
2019-12-29,8.7,0.0,89.3
2019-12-30,6.5,0.0,98.4
2019-12-31,8.4,0.0,83.3
2020-01-01,11.1,0.0,80.8
2020-01-02,13.9,0.0,76.2
2020-01-03,15.3,0.0,77.3
2020-01-04,14.3,0.0,77.9
2020-01-05,14.2,0.0,73.0
2020-01-06,14.4,0.0,76.7
2020-01-07,15.2,3.432,83.5
2020-01-08,13.0,17.373,94.8
2020-01-09,10.9,0.0,89.1
2020-01-10,10.7,0.0,84.6
2020-01-11,12.1,0.0,76.9
2020-01-12,13.8,0.0,74.7
2020-01-13,15.0,0.83,80.1
2020-01-14,13.3,0.0,89.7
2020-01-15,13.2,0.0,85.2
2020-01-16,12.2,4.045,90.1
2020-01-17,13.0,2.39,91.4
2020-01-18,12.5,0.0,88.2
2020-01-19,10.5,0.0,92.1
2020-01-20,11.0,0.0,94.8
2020-01-21,13.6,0.0,87.7
2020-01-22,11.6,0.0,92.9
2020-01-23,13.1,0.0,70.4
2020-01-24,13.0,0.0,66.2
2020-01-25,13.4,0.0,68.9
2020-01-26,14.2,0.0,73.6
2020-01-27,15.7,0.0,72.5
2020-01-28,15.8,8.701,88.1
2020-01-29,14.8,4.253,83.1
2020-01-30,14.0,0.0,82.2
2020-01-31,12.4,0.0,80.4
2020-02-01,13.0,0.0,76.1
2020-02-02,12.0,0.0,80.6
2020-02-03,13.6,0.0,70.3
2020-02-04,14.6,0.0,67.6
2020-02-05,14.3,0.0,75.0
2020-02-06,12.9,0.0,75.1
2020-02-07,13.1,0.0,74.0
2020-02-08,13.6,0.0,73.6
2020-02-09,14.2,0.0,75.0
2020-02-10,13.4,0.0,74.7
2020-02-11,14.9,0.0,71.8
2020-02-12,16.1,0.0,76.5
2020-02-13,18.7,0.0,67.4
2020-02-14,18.5,0.0,60.5
2020-02-15,17.4,0.0,56.5
2020-02-16,17.8,0.0,59.9
2020-02-17,17.4,0.0,64.7
2020-02-18,17.8,0.0,55.3
2020-02-19,18.9,0.0,59.4
2020-02-20,20.7,1.0,60.5
2020-02-21,17.2,0.0,82.5
2020-02-22,17.9,0.0,77.9
2020-02-23,20.0,0.0,74.9
2020-02-24,19.7,0.0,71.5
2020-02-25,19.4,0.0,75.5
2020-02-26,20.3,0.0,70.3
2020-02-27,20.7,0.0,77.5
2020-02-28,21.3,0.0,76.0
2020-02-29,20.2,18.403,79.8
2020-03-01,20.5,0.0,74.0
2020-03-02,21.4,0.0,74.8
2020-03-03,21.8,0.0,66.8
2020-03-04,21.1,0.0,66.4
2020-03-05,19.5,15.553,77.1
2020-03-06,16.0,28.299,87.3
2020-03-07,17.2,0.0,84.8
2020-03-08,18.3,84.214,76.9
2020-03-09,18.6,0.0,69.4
2020-03-10,19.3,0.34,66.1
2020-03-11,21.2,1.06,72.8
2020-03-12,21.6,0.0,66.5
2020-03-13,21.2,0.0,54.2
2020-03-14,18.6,31.653,84.3
2020-03-15,18.6,0.0,72.9
2020-03-16,20.0,0.0,68.6
2020-03-17,21.1,0.0,65.9
2020-03-18,22.3,0.0,65.5
2020-03-19,23.4,0.0,66.1
2020-03-20,24.1,0.0,62.5
2020-03-21,24.7,0.0,58.2
2020-03-22,24.4,0.0,60.9
2020-03-23,24.8,0.0,56.0
2020-03-24,24.1,0.809,62.0
2020-03-25,24.4,0.0,64.1
2020-03-26,23.7,0.0,67.4
2020-03-27,21.1,5.626,76.0
2020-03-28,22.1,0.0,69.2
2020-03-29,23.5,0.0,58.0
2020-03-30,23.4,0.0,55.0
2020-03-31,24.0,2.552,53.1
2020-04-01,24.4,0.448,59.4
2020-04-02,24.5,0.0,52.8
2020-04-03,23.6,0.0,44.2
2020-04-04,24.5,0.0,45.7
2020-04-05,25.9,0.0,48.7
2020-04-06,28.2,0.0,44.6
2020-04-07,26.6,0.0,46.7
2020-04-08,26.5,0.0,40.8
2020-04-09,25.6,0.0,41.9
2020-04-10,27.9,0.0,39.0
2020-04-11,29.4,0.0,37.2
2020-04-12,29.2,0.0,38.7
2020-04-13,30.3,0.0,39.7
2020-04-14,31.6,0.0,42.0
2020-04-15,32.4,0.0,30.0
2020-04-16,30.8,0.0,33.6
2020-04-17,31.1,1.701,36.2
2020-04-18,29.3,1.701,42.6
2020-04-19,27.7,4.343,51.2
2020-04-20,27.1,0.0,46.4
2020-04-21,27.5,0.0,46.1
2020-04-22,29.1,0.0,39.7
2020-04-23,29.2,0.0,40.0
2020-04-24,29.6,0.0,44.4
2020-04-25,30.6,0.0,39.5
2020-04-26,25.2,2.876,61.8
2020-04-27,26.2,16.417,62.5
2020-04-28,28.6,0.0,58.2
2020-04-29,30.4,0.0,53.4
2020-04-30,31.5,0.0,51.5
2020-05-01,31.6,0.0,53.2
2020-05-02,30.4,0.0,59.8
2020-05-03,28.0,11.763,68.3
2020-05-04,28.0,0.0,62.0
2020-05-05,30.8,0.0,51.8
2020-05-06,29.7,0.0,43.9
2020-05-07,30.2,0.0,39.6
2020-05-08,32.2,0.0,41.5
2020-05-09,33.2,0.0,46.7
2020-05-10,28.5,0.911,55.3
2020-05-11,28.9,0.0,52.9
2020-05-12,31.2,0.0,48.3
2020-05-13,30.5,0.0,52.2
2020-05-14,30.6,0.34,52.9
2020-05-15,32.1,0.0,40.3
2020-05-16,32.5,0.0,35.9
2020-05-17,32.4,0.0,33.9
2020-05-18,32.8,0.0,32.4
2020-05-19,33.6,0.0,26.2
2020-05-20,33.1,0.0,23.2
2020-05-21,34.8,0.0,21.9
2020-05-22,35.6,0.0,23.3
2020-05-23,37.1,0.0,23.5
2020-05-24,38.2,0.0,20.0
2020-05-25,37.1,0.0,24.8
2020-05-26,38.0,0.0,23.7
2020-05-27,37.9,0.0,23.2
2020-05-28,33.5,2.851,43.4
2020-05-29,29.1,3.851,61.4
2020-05-30,28.6,0.0,62.8
2020-05-31,25.8,11.597,79.1
2020-06-01,28.7,0.0,62.9
2020-06-02,31.0,0.0,53.8
2020-06-03,31.1,0.425,54.1
2020-06-04,29.3,0.119,60.2
2020-06-05,29.1,1.055,58.9
2020-06-06,30.3,0.0,62.5
2020-06-07,29.4,6.851,64.6
2020-06-08,31.9,0.0,55.6
2020-06-09,34.7,0.0,49.0
2020-06-10,34.7,0.445,51.9
2020-06-11,34.6,0.0,52.8
2020-06-12,35.7,0.0,51.1
2020-06-13,32.9,0.03,57.8
2020-06-14,34.3,0.0,55.9
2020-06-15,36.1,0.0,44.9
2020-06-16,35.8,0.0,47.2
2020-06-17,35.4,0.0,52.9
2020-06-18,36.1,0.0,53.6
2020-06-19,36.0,0.0,53.4
2020-06-20,31.9,4.593,62.7
2020-06-21,31.6,0.149,67.8
2020-06-22,32.0,37.578,66.0
2020-06-23,32.8,0.0,67.9
2020-06-24,31.0,11.058,76.6
2020-06-25,31.5,1.701,74.9
2020-06-26,32.3,0.747,70.2
2020-06-27,34.0,0.0,60.8
2020-06-28,36.2,0.0,54.0
2020-06-29,35.1,2.552,52.3
2020-06-30,32.2,0.0,70.0
2020-07-01,33.9,0.0,65.0
2020-07-02,35.5,0.0,61.6
2020-07-03,35.1,3.585,61.9
2020-07-04,33.6,0.0,65.0
2020-07-05,29.2,36.24,78.5
2020-07-06,31.1,0.51,76.2
2020-07-07,30.1,0.299,78.7
2020-07-08,30.1,0.299,83.9
2020-07-09,32.3,0.0,72.6
2020-07-10,33.6,5.955,66.0
2020-07-11,31.3,0.299,72.6
2020-07-12,30.7,0.0,70.8
2020-07-13,32.0,0.0,64.9
2020-07-14,33.5,0.0,64.6
2020-07-15,32.8,0.0,68.5
2020-07-16,32.0,0.0,71.5
2020-07-17,32.2,3.403,73.5
2020-07-18,32.1,0.0,75.8
2020-07-19,30.4,63.831,82.4
2020-07-20,28.4,0.463,80.1
2020-07-21,26.6,27.388,89.8
2020-07-22,26.2,75.987,93.2
2020-07-23,29.2,0.0,79.0
2020-07-24,30.0,4.286,80.3
2020-07-25,30.3,0.0,83.4
2020-07-26,31.6,0.51,76.8
2020-07-27,32.8,0.0,72.6
2020-07-28,33.2,0.0,73.7
2020-07-29,30.2,9.597,80.4
2020-07-30,28.7,0.0,80.1
2020-07-31,30.3,1.577,81.8
2020-08-01,29.9,6.851,84.0
2020-08-02,31.4,1.494,77.6
2020-08-03,32.3,0.5,74.8
2020-08-04,32.1,1.1,75.5
2020-08-05,31.1,13.15,82.6
2020-08-06,32.2,0.897,71.8
2020-08-07,31.6,0.17,73.3
2020-08-08,32.6,0.085,73.7
2020-08-09,30.1,2.977,85.2
2020-08-10,30.9,0.425,81.6
2020-08-11,30.9,7.656,82.3
2020-08-12,31.1,12.838,77.7
2020-08-13,27.0,73.254,96.4
2020-08-14,28.9,0.538,88.6
2020-08-15,30.6,0.0,82.4
2020-08-16,31.1,0.766,79.8
2020-08-17,30.4,20.505,87.1
2020-08-18,29.9,0.98,86.9
2020-08-19,26.9,40.664,95.7
2020-08-20,26.5,33.24,96.3
2020-08-21,29.4,0.851,79.5
2020-08-22,30.3,0.0,74.4
2020-08-23,29.3,1.791,80.2
2020-08-24,29.0,0.085,82.1
2020-08-25,29.2,0.0,81.2
2020-08-26,30.0,0.0,76.3
2020-08-27,30.7,0.0,72.9
2020-08-28,28.5,24.942,85.9
2020-08-29,29.8,0.0,80.8
2020-08-30,28.8,0.5,81.3
2020-08-31,29.0,0.0,76.8
2020-09-01,29.9,0.0,71.9
2020-09-02,30.2,0.0,74.6
2020-09-03,30.9,0.06,75.6
2020-09-04,30.5,1.129,77.7
2020-09-05,29.4,17.357,81.4
2020-09-06,29.2,0.0,80.9
2020-09-07,29.2,3.24,82.2
2020-09-08,30.1,0.0,75.7
2020-09-09,31.0,0.0,72.6
2020-09-10,30.9,0.0,72.7
2020-09-11,31.6,0.0,65.1
2020-09-12,31.8,0.0,66.9
2020-09-13,32.0,0.0,68.9
2020-09-14,31.7,0.0,71.3
2020-09-15,31.7,0.0,69.5
2020-09-16,32.5,0.0,65.5
2020-09-17,32.5,0.0,63.6
2020-09-18,32.9,0.0,63.6
2020-09-19,32.2,0.0,66.7
2020-09-20,32.2,0.0,66.6
2020-09-21,32.2,0.0,65.8
2020-09-22,31.9,0.0,69.4
2020-09-23,31.7,0.0,69.0
2020-09-24,30.5,0.0,71.1
2020-09-25,31.3,0.0,62.9
2020-09-26,29.3,0.0,65.4
2020-09-27,29.4,0.0,59.6
2020-09-28,30.0,0.0,59.6
2020-09-29,29.8,0.0,62.1
2020-09-30,29.1,0.0,60.1
2020-10-01,29.3,0.0,58.1
2020-10-02,29.1,0.0,60.1
2020-10-03,28.8,0.0,57.1
2020-10-04,27.4,0.0,57.2
2020-10-05,27.7,0.0,55.8
2020-10-06,27.9,0.0,55.9
2020-10-07,28.1,0.0,56.7
2020-10-08,28.0,0.0,59.5
2020-10-09,27.7,0.0,59.0
2020-10-10,28.0,0.0,58.9
2020-10-11,27.6,0.0,58.2
2020-10-12,27.1,0.0,60.0
2020-10-13,27.7,0.0,66.4
2020-10-14,28.9,0.0,66.6
2020-10-15,28.0,0.0,53.7
2020-10-16,26.5,0.0,48.6
2020-10-17,25.5,0.0,55.8
2020-10-18,26.1,0.0,50.4
2020-10-19,25.7,0.0,50.7
2020-10-20,24.6,0.0,51.2
2020-10-21,25.0,0.0,54.0
2020-10-22,25.1,0.0,55.0
2020-10-23,24.5,0.0,57.0
2020-10-24,23.9,0.0,53.6
2020-10-25,23.7,0.0,61.4
2020-10-26,23.9,0.0,56.6
2020-10-27,23.3,0.0,55.6
2020-10-28,22.2,0.0,56.9
2020-10-29,21.7,0.0,58.3
2020-10-30,22.3,0.0,57.0
2020-10-31,22.2,0.0,57.2
2020-11-01,21.2,0.0,54.2
2020-11-02,20.1,0.0,55.4
2020-11-03,20.1,0.0,59.5
2020-11-04,19.7,0.0,60.6
2020-11-05,20.4,0.0,59.6
2020-11-06,20.0,0.0,60.6
2020-11-07,20.5,0.0,60.0
2020-11-08,19.6,0.0,64.8
2020-11-09,18.8,0.0,71.2
2020-11-10,18.9,0.0,71.9
2020-11-11,19.7,0.0,69.0
2020-11-12,20.3,0.0,67.2
2020-11-13,20.2,0.0,67.9
2020-11-14,19.2,0.0,72.7
2020-11-15,20.3,0.639,70.3
2020-11-16,20.5,0.0,79.5
2020-11-17,19.4,0.0,72.4
2020-11-18,17.8,0.0,69.1
2020-11-19,17.3,0.0,65.5
2020-11-20,17.0,0.0,63.7
2020-11-21,16.1,0.0,63.1
2020-11-22,15.3,0.0,60.6
2020-11-23,15.7,0.0,63.5
2020-11-24,16.3,0.0,62.4
2020-11-25,17.4,0.0,65.1
2020-11-26,19.2,0.0,65.3
2020-11-27,17.7,0.0,67.0
2020-11-28,17.4,0.0,64.6
2020-11-29,16.3,0.0,63.7
2020-11-30,15.8,0.0,66.8
2020-12-01,17.0,0.0,69.0
2020-12-02,17.5,0.0,65.8
2020-12-03,17.1,0.0,68.9
2020-12-04,17.4,0.0,69.3
2020-12-05,18.6,0.0,71.9
2020-12-06,19.4,0.0,72.7
2020-12-07,17.6,0.0,84.4
2020-12-08,17.9,0.0,74.0
2020-12-09,18.4,0.0,71.3
2020-12-10,19.0,0.0,69.9
2020-12-11,18.3,0.0,76.2
2020-12-12,17.2,0.0,88.6
2020-12-13,14.5,0.0,87.0
2020-12-14,13.1,0.0,79.9
2020-12-15,11.9,0.0,81.5
2020-12-16,11.1,0.0,84.7
2020-12-17,9.1,0.0,86.9
2020-12-18,11.1,0.0,66.2
2020-12-19,12.2,0.0,65.7
2020-12-20,12.8,0.0,66.6
2020-12-21,13.7,0.0,71.3
2020-12-22,13.4,0.0,73.3
2020-12-23,13.3,0.0,76.5
2020-12-24,13.4,0.0,77.5
2020-12-25,13.2,0.0,75.4
2020-12-26,12.8,0.0,72.2
2020-12-27,14.4,0.0,72.5
2020-12-28,13.1,0.0,60.7
2020-12-29,10.5,0.0,73.9
2020-12-30,9.8,0.0,83.8
2020-12-31,9.3,0.0,89.4
2021-01-01,10.2,0.0,79.2
2021-01-02,13.4,0.911,77.8
2021-01-03,13.9,36.462,90.1
2021-01-04,16.2,5.598,94.2
2021-01-05,17.1,1.28,93.8
2021-01-06,16.5,57.552,95.2
2021-01-07,16.3,0.0,90.6
2021-01-08,13.5,0.0,92.2
2021-01-09,14.6,0.0,90.5
2021-01-10,11.4,0.0,86.8
2021-01-11,11.2,0.0,86.2
2021-01-12,10.5,0.0,85.5
2021-01-13,10.0,0.0,84.4
2021-01-14,11.2,0.0,84.1
2021-01-15,13.1,0.0,85.6
2021-01-16,11.1,0.0,89.4
2021-01-17,10.3,0.0,90.6
2021-01-18,14.1,0.1,86.9
2021-01-19,12.9,0.0,88.5
2021-01-20,13.3,0.0,83.9
2021-01-21,14.2,0.0,75.4
2021-01-22,11.6,0.0,87.4
2021-01-23,13.2,0.0,84.1
2021-01-24,12.3,0.0,92.7
2021-01-25,12.0,0.0,88.7
2021-01-26,12.6,0.0,77.0
2021-01-27,12.9,0.0,76.2
2021-01-28,12.4,0.0,75.4
2021-01-29,12.3,0.0,77.2
2021-01-30,12.5,0.0,72.7
2021-01-31,13.2,0.0,67.7
2021-02-01,16.4,0.0,62.6
2021-02-02,17.1,0.0,70.9
2021-02-03,18.2,0.0,76.0
2021-02-04,16.5,1.077,87.6
2021-02-05,14.3,0.0,80.6
2021-02-06,15.0,0.0,80.2
2021-02-07,15.1,0.0,81.8
2021-02-08,15.6,0.0,78.7
2021-02-09,16.4,0.0,75.8
2021-02-10,18.4,0.0,72.1
2021-02-11,16.9,0.0,80.7
2021-02-12,18.1,0.0,79.0
2021-02-13,18.4,0.0,79.1
2021-02-14,18.7,0.0,74.4
2021-02-15,19.8,0.0,74.4
2021-02-16,20.6,0.0,74.8
2021-02-17,18.9,0.0,73.8
2021-02-18,19.2,0.0,73.6
2021-02-19,18.1,0.0,77.6
2021-02-20,18.2,0.0,76.7
2021-02-21,18.5,0.0,75.2
2021-02-22,19.3,0.0,72.3
2021-02-23,20.9,0.0,67.3
2021-02-24,21.7,0.0,65.3
2021-02-25,22.6,0.0,67.1
2021-02-26,23.6,0.0,64.4
2021-02-27,24.6,0.0,59.4
2021-02-28,23.8,0.0,52.8
2021-03-01,20.9,0.0,58.8
2021-03-02,20.9,0.0,57.7
2021-03-03,21.3,0.0,57.6
2021-03-04,23.1,0.0,57.1
2021-03-05,22.6,0.0,60.8
2021-03-06,22.9,0.0,60.2
2021-03-07,24.5,0.0,61.5
2021-03-08,25.2,0.0,63.7
2021-03-09,26.1,1.0,67.5
2021-03-10,25.1,0.0,60.8
2021-03-11,25.7,0.0,63.5
2021-03-12,24.6,2.881,52.6
2021-03-13,24.0,7.656,59.7
2021-03-14,23.9,0.0,61.8
2021-03-15,24.3,0.0,60.5
2021-03-16,24.8,0.0,61.7
2021-03-17,25.6,0.0,55.3
2021-03-18,25.9,0.0,52.5
2021-03-19,26.6,0.0,48.0
2021-03-20,25.2,0.0,50.7
2021-03-21,26.3,0.0,51.7
2021-03-22,26.4,0.0,46.5
2021-03-23,24.8,0.0,48.9
2021-03-24,25.4,0.0,45.4
2021-03-25,23.4,0.0,55.8
2021-03-26,24.0,0.0,55.0
2021-03-27,26.1,0.0,57.0
2021-03-28,27.9,0.0,50.9
2021-03-29,30.2,0.0,41.5
2021-03-30,29.5,0.0,39.4
2021-03-31,27.9,0.0,35.0
2021-04-01,27.1,0.0,22.5
2021-04-02,25.8,0.0,27.5
2021-04-03,26.0,0.0,23.0
2021-04-04,27.1,0.0,27.9
2021-04-05,29.9,0.0,28.7
2021-04-06,30.4,0.0,30.4
2021-04-07,29.7,0.0,31.6
2021-04-08,27.6,0.0,26.4
2021-04-09,27.7,0.0,25.5
2021-04-10,29.0,0.0,22.9
2021-04-11,29.4,0.0,23.8
2021-04-12,29.8,0.0,28.0
2021-04-13,30.5,0.0,28.5
2021-04-14,31.5,0.0,25.0
2021-04-15,31.3,0.0,23.9
2021-04-16,28.8,0.894,39.5
2021-04-17,26.7,0.0,54.0
2021-04-18,28.3,0.0,40.8
2021-04-19,30.0,0.0,33.8
2021-04-20,28.0,0.0,34.7
2021-04-21,26.1,0.0,47.7
2021-04-22,27.4,0.0,45.3
2021-04-23,26.6,0.51,44.6
2021-04-24,26.8,0.0,33.8
2021-04-25,28.2,0.0,32.2
2021-04-26,30.1,0.0,30.2
2021-04-27,32.1,0.0,30.1
2021-04-28,33.2,0.0,27.9
2021-04-29,33.5,0.766,26.8
2021-04-30,33.3,0.0,28.9
2021-05-01,33.7,0.0,28.5
2021-05-02,32.2,0.0,30.4
2021-05-03,32.5,0.0,30.2
2021-05-04,33.1,0.03,31.7
2021-05-05,32.6,0.0,38.0
2021-05-06,29.5,0.445,51.5
2021-05-07,28.7,0.299,51.8
2021-05-08,31.8,0.0,40.6
2021-05-09,31.3,0.299,42.4
2021-05-10,30.6,0.68,41.4
2021-05-11,32.1,0.766,40.4
2021-05-12,31.0,0.0,39.8
2021-05-13,28.0,0.554,54.9
2021-05-14,30.4,0.0,47.2
2021-05-15,30.6,0.0,39.8
2021-05-16,32.7,0.0,32.1
2021-05-17,32.8,0.0,31.2
2021-05-18,27.8,0.175,60.6
2021-05-19,22.4,62.39,94.6
2021-05-20,25.2,50.188,79.9
2021-05-21,26.2,6.448,76.9
2021-05-22,28.0,16.448,58.5
2021-05-23,27.7,0.0,58.0
2021-05-24,29.5,0.0,45.7
2021-05-25,32.0,0.0,33.1
2021-05-26,32.8,0.0,28.4
2021-05-27,32.8,0.0,35.5
2021-05-28,32.2,0.0,50.6
2021-05-29,32.2,0.0,50.1
2021-05-30,30.9,0.045,51.4
2021-05-31,32.8,0.045,43.7
2021-06-01,26.9,14.299,68.7
2021-06-02,30.0,0.0,58.0
2021-06-03,31.8,0.0,52.0
2021-06-04,31.0,5.39,60.9
2021-06-05,30.1,0.47,61.3
2021-06-06,31.6,0.0,58.3
2021-06-07,34.0,0.0,47.4
2021-06-08,35.8,0.0,43.8
2021-06-09,36.8,0.0,40.8
2021-06-10,34.2,1.149,60.0
2021-06-11,31.6,5.955,66.5
2021-06-12,31.2,0.639,67.7
2021-06-13,29.4,0.149,70.8
2021-06-14,32.3,0.0,61.5
2021-06-15,31.9,0.0,60.5
2021-06-16,29.8,0.015,70.1
2021-06-17,31.3,0.0,67.8
2021-06-18,30.7,0.0,70.8
2021-06-19,30.3,0.0,70.3
2021-06-20,29.4,0.34,77.8
2021-06-21,32.1,0.0,66.8
2021-06-22,34.7,0.0,49.8
2021-06-23,35.1,0.0,42.5
2021-06-24,32.2,0.0,63.4
2021-06-25,32.3,0.896,53.0
2021-06-26,31.4,4.253,60.3
2021-06-27,33.6,0.0,55.4
2021-06-28,34.5,0.0,54.2
2021-06-29,36.3,0.0,46.7
2021-06-30,37.7,0.0,36.8
2021-07-01,37.5,4.253,38.1
2021-07-02,34.0,20.046,51.0
2021-07-03,31.6,0.0,61.9
2021-07-04,33.0,0.0,55.7
2021-07-05,33.8,0.0,50.0
2021-07-06,34.8,0.0,51.1
2021-07-07,36.4,0.0,46.2
2021-07-08,36.1,7.656,44.4
2021-07-09,33.0,0.0,58.7
2021-07-10,34.5,0.0,59.2
2021-07-11,33.7,0.0,65.4
2021-07-12,31.7,0.0,72.8
2021-07-13,29.2,49.864,87.4
2021-07-14,28.1,22.416,91.4
2021-07-15,30.5,0.0,79.1
2021-07-16,33.1,0.0,73.9
2021-07-17,33.1,0.0,70.8
2021-07-18,30.6,7.596,84.4
2021-07-19,26.3,110.111,99.3
2021-07-20,27.6,56.863,95.2
2021-07-21,29.5,0.0,85.3
2021-07-22,29.4,0.0,83.6
2021-07-23,30.5,0.0,82.3
2021-07-24,31.5,0.17,81.7
2021-07-25,32.4,0.0,75.1
2021-07-26,30.9,0.0,83.0
2021-07-27,28.5,106.078,94.6
2021-07-28,26.7,9.136,96.8
2021-07-29,28.3,148.012,92.5
2021-07-30,27.7,38.669,94.8
2021-07-31,29.8,0.0,85.4
2021-08-01,28.5,39.656,92.5
2021-08-02,28.8,2.688,91.5
2021-08-03,30.0,0.075,83.7
2021-08-04,30.6,0.0,78.5
2021-08-05,30.7,0.0,80.5
2021-08-06,31.2,0.0,78.2
2021-08-07,29.5,4.343,87.3
2021-08-08,28.2,12.208,91.8
2021-08-09,29.0,0.0,89.2
2021-08-10,31.0,0.0,76.8
2021-08-11,31.2,0.0,72.4
2021-08-12,32.0,0.0,67.6
2021-08-13,32.1,0.0,67.8
2021-08-14,32.0,0.0,66.0
2021-08-15,32.1,0.0,63.8
2021-08-16,32.8,0.0,65.5
2021-08-17,33.1,0.0,68.2
2021-08-18,33.0,0.0,65.9
2021-08-19,32.3,0.0,70.9
2021-08-20,27.8,9.253,91.6
2021-08-21,27.4,130.98,95.3
2021-08-22,29.4,0.0,87.3
2021-08-23,30.5,2.552,85.5
2021-08-24,31.3,0.0,82.1
2021-08-25,32.2,0.0,70.6
2021-08-26,30.9,0.0,66.5
2021-08-27,31.2,0.0,66.6
2021-08-28,31.0,0.0,70.8
2021-08-29,30.1,0.0,82.7
2021-08-30,29.4,0.0,83.8
2021-08-31,26.7,78.026,96.1
2021-09-01,25.7,104.598,98.2
2021-09-02,27.7,39.76,92.4
2021-09-03,29.3,5.231,84.3
2021-09-04,28.1,0.0,89.7
2021-09-05,30.0,0.448,82.8
2021-09-06,31.1,5.104,83.2
2021-09-07,29.8,4.403,86.8
2021-09-08,29.4,0.0,84.3
2021-09-09,29.8,4.253,84.2
2021-09-10,28.3,11.135,91.0
2021-09-11,25.1,127.15,98.0
2021-09-12,26.8,0.979,94.6
2021-09-13,27.6,1.851,93.5
2021-09-14,28.8,0.747,85.6
2021-09-15,29.7,0.0,80.6
2021-09-16,26.2,12.104,93.7
2021-09-17,27.7,0.0,83.6
2021-09-18,28.6,0.0,85.1
2021-09-19,29.9,0.0,80.3
2021-09-20,30.1,0.0,80.9
2021-09-21,29.6,3.403,82.8
2021-09-22,27.5,0.119,89.4
2021-09-23,27.9,0.766,87.0
2021-09-24,28.2,3.403,85.4
2021-09-25,28.7,0.0,84.8
2021-09-26,28.1,0.0,88.6
2021-09-27,29.6,0.0,82.3
2021-09-28,30.3,0.0,79.9
2021-09-29,30.1,0.0,79.6
2021-09-30,29.7,0.0,80.6
2021-10-01,29.6,1.701,81.1
2021-10-02,30.3,0.0,80.5
2021-10-03,30.2,0.851,79.0
2021-10-04,30.6,0.0,72.5
2021-10-05,29.8,0.851,74.3
2021-10-06,29.5,0.0,76.9
2021-10-07,28.8,0.0,74.7
2021-10-08,28.9,0.0,67.0
2021-10-09,29.2,0.0,61.2
2021-10-10,29.2,0.0,60.4
2021-10-11,29.5,0.0,57.8
2021-10-12,29.0,0.0,60.3
2021-10-13,28.0,0.0,51.7
2021-10-14,26.0,0.0,55.0
2021-10-15,26.3,0.0,59.2
2021-10-16,27.3,0.0,66.1
2021-10-17,25.0,44.491,87.2
2021-10-18,21.9,41.652,94.9
2021-10-19,24.7,0.0,82.4
2021-10-20,25.2,0.0,73.2
2021-10-21,24.8,0.0,55.7
2021-10-22,25.3,0.0,60.6
2021-10-23,25.1,0.0,66.8
2021-10-24,23.8,23.714,73.5
2021-10-25,22.3,0.0,78.7
2021-10-26,22.2,0.0,71.7
2021-10-27,22.0,0.0,68.7
2021-10-28,21.9,0.0,67.3
2021-10-29,22.5,0.0,68.0
2021-10-30,22.3,0.0,64.3
2021-10-31,22.5,0.0,64.8
2021-11-01,22.1,0.0,60.9
2021-11-02,22.5,0.0,62.8
2021-11-03,22.4,0.0,70.1
2021-11-04,21.0,0.0,79.1
2021-11-05,20.6,0.0,80.3
2021-11-06,20.9,0.0,71.7
2021-11-07,21.0,0.0,70.4
2021-11-08,21.0,0.0,62.7
2021-11-09,21.4,0.0,59.1
2021-11-10,21.5,0.0,63.3
2021-11-11,19.4,0.0,71.5
2021-11-12,19.7,0.0,75.3
2021-11-13,19.7,0.0,63.7
2021-11-14,19.3,0.0,56.6
2021-11-15,18.9,0.0,61.0
2021-11-16,18.6,0.0,63.1
2021-11-17,18.1,0.0,63.3
2021-11-18,19.3,0.0,67.5
2021-11-19,19.2,0.0,68.9
2021-11-20,19.8,0.0,63.3
2021-11-21,19.3,0.0,60.3
2021-11-22,18.9,0.0,64.9
2021-11-23,18.0,0.0,53.8
2021-11-24,18.2,0.0,65.7
2021-11-25,18.9,0.0,69.2
2021-11-26,19.0,0.0,71.2
2021-11-27,17.7,0.0,77.4
2021-11-28,18.6,0.0,81.3
2021-11-29,18.2,0.0,73.8
2021-11-30,17.8,0.0,70.1
2021-12-01,17.7,0.0,75.6
2021-12-02,16.6,1.0,89.3
2021-12-03,17.2,0.0,87.3
2021-12-04,18.5,0.0,75.1
2021-12-05,18.8,0.17,77.6
2021-12-06,19.3,0.0,79.6
2021-12-07,17.5,0.0,76.7
2021-12-08,16.4,0.0,73.0
2021-12-09,16.3,0.0,76.5
2021-12-10,16.3,0.0,73.7
2021-12-11,15.5,0.0,66.6
2021-12-12,15.3,0.0,67.1
2021-12-13,14.9,0.0,71.7
2021-12-14,15.1,0.0,77.4
2021-12-15,15.2,0.0,75.3
2021-12-16,14.6,0.0,71.0
2021-12-17,13.7,0.0,70.4
2021-12-18,11.1,0.0,75.1
2021-12-19,11.1,0.0,67.6
2021-12-20,12.0,0.0,64.9
2021-12-21,13.3,0.0,65.3
2021-12-22,14.2,0.0,65.4
2021-12-23,14.6,0.0,70.3
2021-12-24,15.2,0.0,76.6
2021-12-25,15.5,0.0,80.0
2021-12-26,15.7,1.299,88.0
2021-12-27,15.4,0.0,80.5
2021-12-28,14.2,1.85,88.7
2021-12-29,14.0,0.0,82.9
2021-12-30,11.9,0.0,70.0
2021-12-31,11.2,0.0,76.4
2022-01-01,11.9,0.0,80.7
2022-01-02,12.7,0.0,80.9
2022-01-03,13.8,0.0,76.1
2022-01-04,15.8,0.0,71.1
2022-01-05,13.7,7.637,91.8
2022-01-06,15.2,0.0,88.8
2022-01-07,16.2,0.0,90.2
2022-01-08,15.8,48.838,96.9
2022-01-09,13.8,7.402,97.2
2022-01-10,12.5,0.0,92.3
2022-01-11,11.4,0.0,91.5
2022-01-12,11.5,0.0,88.6
2022-01-13,11.4,0.0,91.2
2022-01-14,10.5,0.0,94.6
2022-01-15,10.0,0.0,93.9
2022-01-16,10.7,0.0,87.5
2022-01-17,11.2,0.0,88.5
2022-01-18,10.6,0.0,92.2
2022-01-19,11.9,0.0,89.4
2022-01-20,12.7,0.0,92.4
2022-01-21,13.4,0.0,90.4
2022-01-22,13.0,23.553,94.3
2022-01-23,12.6,1.195,94.4
2022-01-24,11.7,0.0,93.5
2022-01-25,10.0,0.0,94.5
2022-01-26,11.2,0.0,92.5
2022-01-27,12.2,0.0,83.9
2022-01-28,12.7,0.0,76.0
2022-01-29,13.7,0.0,73.8
2022-01-30,14.6,0.0,78.2
2022-01-31,14.3,0.0,80.5
2022-02-01,13.4,0.0,89.2
2022-02-02,14.7,0.0,83.2
2022-02-03,13.0,0.77,90.1
2022-02-04,13.1,0.0,87.3
2022-02-05,12.5,0.0,82.4
2022-02-06,14.1,0.0,72.0
2022-02-07,17.4,0.0,72.1
2022-02-08,18.5,0.0,77.3
2022-02-09,16.5,14.208,84.6
2022-02-10,15.7,0.0,74.5
2022-02-11,15.5,0.0,69.7
2022-02-12,16.0,0.0,66.7
2022-02-13,17.4,0.0,65.5
2022-02-14,17.9,0.0,64.6
2022-02-15,18.8,0.0,58.3
2022-02-16,18.1,0.0,68.5
2022-02-17,18.4,0.0,66.4
2022-02-18,19.1,0.0,61.6
2022-02-19,18.8,0.0,64.0
2022-02-20,17.9,0.0,69.4
2022-02-21,18.0,0.0,57.4
2022-02-22,19.1,0.0,58.6
2022-02-23,19.2,0.0,78.2
2022-02-24,19.6,0.0,72.0
2022-02-25,20.1,2.149,71.7
2022-02-26,18.4,6.805,70.8
2022-02-27,18.7,0.925,70.2
2022-02-28,18.1,0.0,62.7
2022-03-01,18.3,0.0,68.6
2022-03-02,19.4,0.0,68.7
2022-03-03,21.8,0.0,63.7
2022-03-04,20.4,0.0,73.3
2022-03-05,19.5,0.0,71.6
2022-03-06,20.3,0.0,70.0
2022-03-07,22.1,0.0,63.8
2022-03-08,22.5,0.0,62.9
2022-03-09,23.1,0.0,56.2
2022-03-10,22.9,0.0,57.0
2022-03-11,22.7,0.0,65.2
2022-03-12,23.1,0.0,58.9
2022-03-13,24.5,0.0,61.9
2022-03-14,25.6,0.0,68.1
2022-03-15,26.9,0.0,69.5
2022-03-16,27.6,0.0,65.1
2022-03-17,27.7,0.0,66.2
2022-03-18,28.2,0.0,70.7
2022-03-19,28.5,0.0,64.3
2022-03-20,29.6,0.0,49.7
2022-03-21,28.8,0.0,54.0
2022-03-22,28.3,0.0,51.2
2022-03-23,27.8,0.0,50.1
2022-03-24,28.0,0.0,42.0
2022-03-25,27.6,0.0,51.5
2022-03-26,27.0,0.0,45.2
2022-03-27,28.0,0.0,41.5
2022-03-28,29.6,0.0,34.8
2022-03-29,30.3,0.0,31.9
2022-03-30,30.5,0.0,34.4
2022-03-31,30.7,0.0,34.4
2022-04-01,29.9,0.0,29.0
2022-04-02,29.9,0.0,28.1
2022-04-03,30.3,0.0,26.1
2022-04-04,30.2,0.0,24.6
2022-04-05,30.2,0.0,26.7
2022-04-06,30.7,0.0,23.9
2022-04-07,31.4,0.0,25.2
2022-04-08,32.1,0.0,23.1
2022-04-09,33.0,0.0,23.5
2022-04-10,33.4,0.0,20.9
2022-04-11,33.7,0.0,22.8
2022-04-12,32.7,0.0,22.3
2022-04-13,32.8,0.0,26.0
2022-04-14,32.3,0.149,23.1
2022-04-15,32.4,0.0,27.1
2022-04-16,32.1,0.0,30.0
2022-04-17,32.6,0.0,28.2
2022-04-18,33.4,0.0,27.0
2022-04-19,34.3,0.0,25.8
2022-04-20,33.8,0.0,22.6
2022-04-21,31.4,0.0,28.7
2022-04-22,31.5,0.285,29.3
2022-04-23,31.7,0.0,25.8
2022-04-24,32.4,0.0,23.6
2022-04-25,33.7,0.0,23.5
2022-04-26,33.5,0.0,22.6
2022-04-27,33.9,0.0,23.7
2022-04-28,34.6,0.0,23.3
2022-04-29,35.8,0.0,20.2
2022-04-30,35.6,0.0,17.8
2022-05-01,33.9,0.0,32.4
2022-05-01,33.9,0.0,32.4
2022-05-02,34.1,0.0,41.7
2022-05-03,33.2,0.0,49.2
2022-05-04,31.1,0.97,54.8
2022-05-05,30.0,0.0,53.2
2022-05-06,32.3,0.0,44.5
2022-05-07,33.4,0.0,36.2
2022-05-08,33.6,0.0,39.6
2022-05-09,33.8,0.0,45.3
2022-05-10,33.8,0.0,45.9
2022-05-11,34.6,0.0,44.4
2022-05-12,35.9,0.0,41.8
2022-05-13,35.0,0.0,45.9
2022-05-14,37.2,0.0,28.4
2022-05-15,37.0,0.0,21.3
2022-05-16,37.4,0.0,18.1
2022-05-17,34.6,0.0,31.2
2022-05-18,35.8,0.0,31.0
2022-05-19,36.2,0.0,32.6
2022-05-20,37.0,0.525,30.6
2022-05-21,34.8,0.979,30.8
2022-05-22,32.2,0.0,44.9
2022-05-23,25.7,18.988,71.2
2022-05-24,26.3,17.357,75.1
2022-05-25,29.1,0.0,66.6
2022-05-26,30.6,0.0,59.1
2022-05-27,32.4,0.0,50.5
2022-05-28,34.4,0.0,46.6
2022-05-29,34.0,0.0,50.4
2022-05-30,31.4,15.371,59.4
2022-05-31,32.9,0.0,49.2
2022-06-01,35.0,0.0,38.7
2022-06-02,35.4,0.0,32.8
2022-06-03,35.6,0.0,28.5
2022-06-04,36.5,0.0,27.0
2022-06-05,37.3,0.0,20.8
2022-06-06,36.8,0.0,23.8
2022-06-07,37.3,0.0,22.2
2022-06-08,37.3,0.0,21.5
2022-06-09,37.5,0.0,24.6
2022-06-10,37.8,0.0,26.1
2022-06-11,37.7,0.0,22.1
2022-06-12,37.7,0.0,24.7
2022-06-13,37.6,0.0,29.2
2022-06-14,35.3,0.0,38.0
2022-06-15,36.1,0.0,39.3
2022-06-16,34.1,0.74,46.1
2022-06-17,29.2,17.506,70.8
2022-06-18,28.9,0.618,74.1
2022-06-19,28.3,0.06,74.4
2022-06-20,29.0,0.0,65.6
2022-06-21,30.2,0.51,61.2
2022-06-22,31.0,0.0,59.3
2022-06-23,33.1,0.0,48.1
2022-06-24,33.3,0.0,38.6
2022-06-25,34.3,0.0,34.8
2022-06-26,35.0,0.0,48.0
2022-06-27,35.7,0.0,51.1
2022-06-28,35.9,0.0,53.1
2022-06-29,34.9,0.0,53.8
2022-06-30,27.7,104.603,88.2
2022-07-01,28.2,1.701,88.6
2022-07-02,31.0,0.7,72.9
2022-07-03,33.1,0.085,57.4
2022-07-04,33.5,0.51,64.1
2022-07-05,33.9,0.0,64.5
2022-07-06,34.4,0.0,63.0
2022-07-07,34.6,0.0,59.3
2022-07-08,34.9,0.0,54.8
2022-07-09,32.0,0.0,66.5
2022-07-10,31.0,0.0,73.6
2022-07-11,31.8,0.851,67.9
2022-07-12,30.3,2.149,80.1
2022-07-13,31.5,0.0,73.3
2022-07-14,32.3,0.03,67.6
2022-07-15,32.9,0.0,63.7
2022-07-16,29.4,18.058,80.4
2022-07-17,29.9,10.552,81.9
2022-07-18,33.2,0.0,68.8
2022-07-19,32.4,10.0,73.5
2022-07-20,29.7,60.975,84.0
2022-07-21,29.0,0.7,84.0
2022-07-22,29.4,7.09,86.7
2022-07-23,29.7,0.568,85.6
2022-07-24,30.0,3.285,82.5
2022-07-25,30.0,2.197,80.3
2022-07-26,29.4,0.0,81.0
2022-07-27,30.0,0.0,80.0
2022-07-28,28.6,17.162,86.3
2022-07-29,28.0,2.448,89.2
2022-07-30,28.4,15.76,86.9
2022-07-31,28.7,11.422,84.3
2022-08-01,29.7,0.0,79.6
2022-08-02,31.0,0.0,75.9
2022-08-03,30.8,5.955,76.1
2022-08-04,29.4,4.928,84.6
2022-08-05,27.9,10.577,92.1
2022-08-06,30.2,0.0,84.5
2022-08-07,27.6,6.63,93.3
2022-08-08,30.1,0.0,79.9
2022-08-09,32.0,0.134,75.3
2022-08-10,32.5,0.0,68.9
2022-08-11,29.6,0.03,73.9
2022-08-12,31.2,0.0,71.1
2022-08-13,30.9,0.0,73.4
2022-08-14,28.9,5.747,86.6
2022-08-15,29.3,0.0,81.3
2022-08-16,29.1,2.448,78.7
2022-08-17,29.2,0.0,76.8
2022-08-18,30.3,0.0,76.1
2022-08-19,31.1,0.0,71.6
2022-08-20,29.6,6.851,80.8
2022-08-21,30.9,1.344,76.7
2022-08-22,31.5,0.0,74.3
2022-08-23,30.7,0.0,71.4
2022-08-24,29.1,5.104,80.9
2022-08-25,30.1,0.0,72.3
2022-08-26,30.7,0.0,73.0
2022-08-27,30.7,0.17,70.2
2022-08-28,30.6,0.0,65.9
2022-08-29,30.3,0.851,66.9
2022-08-30,30.2,1.514,77.4
2022-08-31,31.5,0.0,66.9
2022-09-01,32.1,0.0,66.3
2022-09-02,32.1,7.656,62.9
2022-09-03,32.2,0.0,58.2
2022-09-04,32.3,0.0,56.6
2022-09-05,31.9,0.0,58.7
2022-09-06,31.7,0.0,59.4
2022-09-07,32.1,0.0,59.3
2022-09-08,32.2,0.0,61.8
2022-09-09,32.2,0.0,64.8
2022-09-10,31.6,0.0,71.9
2022-09-11,32.2,0.0,61.3
2022-09-12,31.8,0.0,62.8
2022-09-13,30.0,8.552,70.4
2022-09-14,28.5,9.403,78.6
2022-09-17,28.5,0.0,82.2
2022-09-18,29.5,0.0,73.6
2022-09-19,29.3,5.104,77.3
2022-09-20,28.8,0.17,77.1
2022-09-21,27.1,3.448,87.1
2022-09-22,25.4,49.664,95.9
2022-09-23,25.0,47.403,98.2
2022-09-24,25.3,19.896,97.2
2022-09-25,27.0,0.0,84.8
2022-09-26,28.1,0.0,82.4
2022-09-27,28.6,0.0,76.5
2022-09-28,29.2,0.0,71.1
2022-09-29,28.8,0.0,71.6
2022-09-30,28.9,0.0,73.5
2022-10-01,29.1,0.0,72.0
2022-10-02,29.5,0.0,64.1
2022-10-03,29.0,0.0,59.4
2022-10-04,29.1,0.0,63.3
2022-10-05,28.7,0.0,69.7
2022-10-06,26.0,0.0,78.3
2022-10-07,23.9,0.3,87.3
2022-10-08,22.5,73.499,96.9
2022-10-09,22.0,29.609,99.0
2022-10-10,22.0,9.603,97.2
2022-10-11,24.8,6.124,87.1
2022-10-12,25.3,0.0,81.7
2022-10-13,25.4,0.0,72.7
2022-10-14,25.5,0.0,71.6
2022-10-15,25.8,0.0,69.8
2022-10-16,26.2,0.0,61.0
2022-10-17,26.5,0.0,56.0
2022-10-18,26.0,0.0,55.6
2022-10-19,26.5,0.0,50.8
2022-10-20,26.2,0.0,54.1
2022-10-21,26.2,0.0,55.3
2022-10-22,25.2,0.0,56.8
2022-10-23,23.9,0.0,55.0
2022-10-24,23.6,0.0,60.1
2022-10-25,23.8,0.0,53.7
2022-10-26,24.1,0.0,60.9
2022-10-27,24.3,0.0,59.7
2022-10-28,24.0,0.0,64.5
2022-10-29,23.8,0.0,68.2
2022-10-30,23.3,0.0,62.0
2022-10-31,23.4,0.0,66.0
2022-11-01,24.6,0.0,62.6
2022-11-02,24.0,0.0,64.6
2022-11-03,23.9,0.0,65.1
2022-11-04,24.4,0.0,66.9
2022-11-05,24.0,0.0,78.3
2022-11-06,24.8,0.0,72.3
2022-11-07,25.0,0.0,64.1
2022-11-08,23.7,0.0,69.5
2022-11-09,23.4,0.0,60.6
2022-11-10,23.5,0.0,64.6
2022-11-11,21.8,0.0,61.9
2022-11-12,21.0,0.0,53.4
2022-11-13,20.5,0.0,56.7
2022-11-14,22.6,0.0,55.4
2022-11-15,22.0,0.0,56.5
2022-11-16,20.6,0.0,52.9
2022-11-17,18.7,0.0,57.4
2022-11-18,18.6,0.0,54.3
2022-11-19,18.7,0.0,54.7
2022-11-20,18.7,0.0,55.7
2022-11-21,18.6,0.0,58.5
2022-11-22,18.6,0.0,54.4
2022-11-23,18.5,0.0,49.6
2022-11-24,18.3,0.0,51.3
2022-11-25,18.3,0.0,54.6
2022-11-26,18.2,0.0,56.4
2022-11-27,17.6,0.0,61.6
2022-11-28,17.8,0.0,61.5
2022-11-29,17.5,0.0,65.3
2022-11-30,17.5,0.0,65.9
2022-12-01,17.4,0.0,69.0
2022-12-02,17.8,0.0,65.4
2022-12-03,17.7,0.0,70.0
2022-12-04,17.5,14.935,74.1
2022-12-05,16.7,0.0,69.3
2022-12-06,16.0,0.0,70.7
2022-12-07,16.2,0.0,67.3
2022-12-08,17.1,0.0,62.6
2022-12-09,17.6,0.0,62.2
2022-12-10,17.6,0.0,69.3
2022-12-11,18.0,0.0,67.0
2022-12-12,17.6,0.0,61.0
2022-12-13,17.7,0.0,55.3
2022-12-14,16.6,0.0,57.3
2022-12-15,15.0,0.0,56.4
2022-12-16,15.1,0.0,58.5
2022-12-17,15.2,0.0,61.7
2022-12-18,15.1,0.0,71.7
2022-12-19,14.7,0.0,74.7
2022-12-20,13.7,0.0,79.0
2022-12-21,13.6,0.0,81.3
2022-12-22,12.4,0.0,84.2
2022-12-23,12.6,0.0,80.5
2022-12-24,11.8,0.0,80.9
2022-12-25,10.0,94.507,90.1
2022-12-26,9.0,0.0,95.6
2022-12-27,10.3,0.0,88.7
2022-12-28,13.2,0.0,74.1
2022-12-29,14.9,0.0,68.8
2022-12-30,15.6,0.0,75.2
2022-12-31,13.9,0.0,84.9
2023-01-01,13.4,0.0,79.8
2023-01-02,12.4,0.0,87.9
2023-01-03,11.2,0.0,85.6
2023-01-04,9.6,0.0,90.1
2023-01-05,9.7,0.0,83.0
2023-01-06,9.1,0.0,87.7
2023-01-07,8.3,0.0,89.2
2023-01-08,9.6,0.0,85.3
2023-01-09,11.0,0.0,91.8
2023-01-10,11.1,0.0,88.6
2023-01-11,11.9,0.0,87.6
2023-01-12,14.4,84.214,87.0
2023-01-13,15.1,0.0,90.5
2023-01-14,13.0,0.0,82.0
2023-01-15,10.5,0.0,59.6
2023-01-16,10.6,0.0,61.2
2023-01-17,11.3,0.0,55.1
2023-01-18,11.0,0.0,60.1
2023-01-19,14.3,0.0,54.4
2023-01-20,16.2,0.0,62.1
2023-01-21,15.1,0.0,80.0
2023-01-22,15.6,0.0,72.4
2023-01-23,16.6,0.0,68.2
2023-01-24,17.1,0.0,81.5
2023-01-25,15.5,0.0,91.8
2023-01-26,14.2,0.0,94.1
2023-01-27,12.9,0.0,65.8
2023-01-28,13.5,0.0,68.6
2023-01-29,13.0,6.597,91.8
2023-01-30,14.5,14.299,93.5
2023-01-31,14.7,0.0,92.9
2023-02-01,14.2,0.0,82.0
2023-02-02,15.8,0.0,68.0
2023-02-03,16.2,0.0,68.8
2023-02-04,17.2,0.0,65.8
2023-02-05,17.5,0.0,67.1
2023-02-06,19.7,0.0,65.2
2023-02-07,18.4,0.0,70.0
2023-02-08,16.9,0.0,60.1
2023-02-09,19.3,0.0,60.8
2023-02-10,21.2,0.0,61.0
2023-02-11,20.1,0.0,74.9
2023-02-12,17.3,0.0,49.7
2023-02-13,15.5,0.0,41.8
2023-02-14,17.2,0.0,43.2
2023-02-15,18.6,0.0,52.7
2023-02-16,19.8,0.0,67.8
2023-02-17,21.1,0.0,72.5
2023-02-18,21.0,0.0,70.9
2023-02-19,21.7,0.0,69.3
2023-02-20,23.3,0.0,63.3
2023-02-21,22.8,0.0,67.4
2023-02-22,21.3,0.0,71.5
2023-02-23,21.0,0.0,60.9
2023-02-24,20.7,0.0,58.3
2023-02-25,21.7,0.0,61.2
2023-02-26,23.3,0.0,56.3
2023-02-27,23.5,0.0,57.0
2023-02-28,22.8,0.0,55.1
2023-03-01,23.3,0.06,46.8
2023-03-02,23.5,0.0,56.6
2023-03-03,23.6,0.0,59.3
2023-03-04,22.3,0.0,57.3
2023-03-05,23.5,0.0,55.0
2023-03-06,23.1,0.0,57.2
2023-03-07,23.5,0.0,50.3
2023-03-08,23.4,0.0,51.6
2023-03-09,23.9,0.0,51.0
2023-03-10,23.7,0.0,60.7
2023-03-11,24.5,0.0,53.1
2023-03-12,25.3,0.0,46.2
2023-03-13,25.7,0.0,50.6
2023-03-14,25.8,0.0,54.9
2023-03-15,26.2,0.0,49.9
2023-03-16,26.3,0.0,44.6
2023-03-17,24.2,0.0,49.3
2023-03-18,20.7,4.298,80.7
2023-03-19,20.8,5.331,84.0
2023-03-20,20.0,10.896,81.4
2023-03-21,19.9,0.0,81.5
2023-03-22,21.2,0.0,74.5
2023-03-23,23.4,0.0,61.3
2023-03-24,22.2,10.597,71.5
2023-03-25,22.8,0.0,70.7
2023-03-26,24.2,0.0,51.4
2023-03-27,23.0,0.0,58.9
2023-03-28,24.1,0.0,52.6
2023-03-29,24.9,7.716,53.3
2023-03-30,23.5,15.403,63.6
2023-03-31,20.7,0.712,81.2
2023-04-01,21.0,3.149,79.7
2023-04-02,23.3,0.0,68.0
2023-04-03,24.7,0.0,59.8
2023-04-04,24.5,13.61,57.9
2023-04-05,25.0,0.0,47.2
2023-04-06,25.8,0.0,37.6
2023-04-07,26.1,0.0,34.6
2023-04-08,26.4,0.0,30.3
2023-04-09,27.3,0.0,31.5
2023-04-10,27.1,0.0,31.0
2023-04-11,28.5,0.0,31.0
2023-04-12,29.6,0.0,32.1
2023-04-13,30.4,0.0,29.3
2023-04-14,30.9,0.0,26.3
2023-04-15,32.3,0.0,24.7
2023-04-16,32.9,0.0,26.4
2023-04-17,32.3,0.0,30.0
2023-04-18,32.9,0.0,31.6
2023-04-19,31.4,0.0,35.1
2023-04-20,29.2,1.023,40.0
2023-04-21,29.2,0.0,35.1
2023-04-22,29.5,0.0,29.1
2023-04-23,27.1,0.0,28.2
2023-04-24,26.9,0.0,35.0
2023-04-25,27.6,0.0,36.3
2023-04-26,29.1,0.0,35.5
2023-04-27,29.9,0.0,33.6
2023-04-28,28.3,0.0,40.3
2023-04-29,27.9,0.0,43.4
2023-04-30,26.0,0.255,55.6
2023-05-01,21.7,11.969,89.7
2023-05-02,23.4,0.1,82.1
2023-05-03,22.8,27.311,85.4
2023-05-04,24.6,0.0,71.2
2023-05-05,27.9,0.0,56.9
2023-05-06,28.6,0.0,49.4
2023-05-07,29.4,3.492,46.3
2023-05-08,29.2,0.0,53.0
2023-05-09,30.3,0.0,35.8
2023-05-10,30.5,0.0,24.8
2023-05-11,31.1,0.0,29.0
2023-05-12,32.8,0.0,27.9
2023-05-13,33.5,0.0,31.6
2023-05-14,33.6,0.0,30.8
2023-05-15,33.9,0.0,27.6
2023-05-16,33.4,0.0,30.4
2023-05-17,33.3,0.0,33.3
2023-05-18,29.8,8.536,50.9
2023-05-19,32.1,0.0,39.2
2023-05-20,33.5,0.0,32.9
2023-05-21,35.7,0.0,27.5
2023-05-22,37.4,0.0,24.6
2023-05-23,36.9,0.0,25.0
2023-05-24,30.0,0.0,46.3
2023-05-25,28.9,4.987,52.1
2023-05-26,28.2,0.0,52.6
2023-05-27,27.4,18.179,65.0
2023-05-28,30.1,0.0,59.1
2023-05-29,27.2,6.924,68.5
2023-05-30,27.1,31.162,68.7
2023-05-31,25.2,3.354,81.3
2023-06-01,26.0,0.2,73.3
2023-06-02,28.5,0.0,53.9
2023-06-03,30.4,0.0,49.0
2023-06-04,29.4,2.582,60.3
2023-06-05,31.7,0.0,52.6
2023-06-06,31.5,0.34,48.1
2023-06-07,32.4,0.0,39.3
2023-06-08,33.8,0.0,35.1
2023-06-09,33.8,0.0,40.9
2023-06-10,34.4,0.0,39.5
2023-06-11,32.8,0.574,48.5
2023-06-12,34.9,0.0,45.1
2023-06-13,36.5,0.0,39.7
2023-06-14,35.4,0.0,40.4
2023-06-15,33.6,0.0,44.6
2023-06-16,32.0,8.195,56.2
2023-06-17,32.5,0.299,62.0
2023-06-18,31.5,0.597,66.2
2023-06-19,28.6,8.701,81.0
2023-06-20,31.6,0.598,67.8
2023-06-21,31.0,0.075,71.7
2023-06-22,32.4,0.851,68.1
2023-06-23,32.8,6.464,69.8
2023-06-24,32.2,0.0,69.2
2023-06-25,26.4,47.208,93.6
2023-06-26,28.8,1.194,86.1
2023-06-27,29.5,4.338,86.9
2023-06-28,29.6,2.091,85.0
2023-06-29,28.8,21.0,87.6
2023-06-30,28.2,23.415,90.7
2023-07-01,29.5,0.0,83.4
2023-07-02,30.8,0.0,75.7
2023-07-03,32.8,0.0,69.9
2023-07-04,31.2,2.261,78.9
2023-07-05,29.9,7.091,86.0
2023-07-06,28.3,3.045,91.9
2023-07-07,29.7,0.0,84.6
2023-07-08,27.2,117.318,97.1
2023-07-09,26.9,114.902,98.1
2023-07-10,27.4,6.954,96.7
2023-07-11,28.4,0.448,89.8
2023-07-12,29.3,0.896,88.1
2023-07-13,29.7,1.701,88.1
2023-07-14,29.5,1.494,88.9
2023-07-15,29.5,13.747,87.0
2023-07-16,29.0,7.851,89.1
2023-07-17,30.5,0.0,86.2
2023-07-18,29.4,0.644,92.2
2023-07-19,30.9,0.0,82.6
2023-07-20,32.8,0.0,70.8
2023-07-21,33.2,0.0,71.7
2023-07-22,32.1,0.0,77.2
2023-07-23,32.1,0.17,72.4
2023-07-24,32.5,0.0,70.6
2023-07-25,31.3,0.0,80.9
2023-07-26,27.7,31.643,92.1
2023-07-27,29.6,0.5,84.6
2023-07-28,28.7,10.585,87.6
2023-07-29,27.9,5.701,92.3
2023-07-30,29.7,0.0,82.9
2023-07-31,31.1,0.0,78.3
2023-08-01,31.4,0.0,74.7
2023-08-02,30.7,4.253,78.9
2023-08-03,30.6,7.492,81.3
2023-08-04,29.3,47.116,86.7
2023-08-05,29.5,6.597,88.3
2023-08-06,31.4,0.0,73.4
2023-08-07,30.3,0.0,70.7
2023-08-08,31.0,0.0,67.9
2023-08-09,31.4,0.0,66.1
2023-08-10,30.8,0.17,71.0
2023-08-11,31.3,0.0,66.4
2023-08-12,31.6,0.0,61.4
2023-08-13,30.9,0.0,65.7
2023-08-14,30.7,0.0,70.0
2023-08-15,30.1,1.664,80.5
2023-08-16,31.9,3.585,72.2
2023-08-17,32.2,0.0,63.8
2023-08-18,32.6,0.0,64.0
2023-08-19,30.6,17.975,82.1
2023-08-20,31.9,0.0,75.2
2023-08-21,32.6,0.0,74.0
2023-08-22,31.1,0.0,80.9
2023-08-23,27.6,5.936,92.4
2023-08-24,29.1,0.0,75.8
2023-08-25,30.4,0.0,68.1
2023-08-26,30.8,0.0,63.6
2023-08-27,30.9,0.0,58.5
2023-08-28,30.7,0.0,62.5
2023-08-29,31.5,0.0,61.5
2023-08-30,31.6,0.0,62.8
2023-08-31,31.9,0.0,61.7
2023-09-01,32.4,0.0,60.6
2023-09-02,33.3,0.0,46.1
2023-09-03,31.9,0.0,54.4
2023-09-04,31.6,0.0,58.2
2023-09-05,32.0,0.0,61.0
2023-09-06,31.6,0.0,59.1
2023-09-07,30.8,0.149,65.3
2023-09-08,30.4,0.0,66.4
2023-09-09,27.2,25.701,87.2
2023-09-10,25.6,24.673,96.6
2023-09-11,27.7,0.149,85.8
2023-09-12,29.1,0.0,79.4
2023-09-13,30.8,0.0,76.3
2023-09-14,31.9,0.0,73.7
2023-09-15,29.4,4.403,82.1
2023-09-16,28.1,10.149,91.0
2023-09-17,28.3,0.299,87.8
2023-09-18,28.8,0.0,77.3
2023-09-19,30.6,0.0,71.2
2023-09-20,31.8,0.0,62.2
2023-09-21,31.0,0.851,71.0
2023-09-22,30.9,0.0,71.7
2023-09-23,28.4,14.851,84.4
2023-09-24,28.4,0.0,77.9
2023-09-25,29.4,0.0,72.3
2023-09-26,30.1,0.0,68.9
2023-09-27,29.6,0.0,65.1
2023-09-28,28.7,0.0,62.1
2023-09-29,28.9,0.0,62.3
2023-09-30,29.5,0.0,61.9
2023-10-01,28.9,0.0,59.8
2023-10-02,27.7,0.0,52.7
2023-10-03,27.2,0.0,48.9
2023-10-04,27.7,0.0,54.2
2023-10-05,27.6,0.0,53.7
2023-10-06,28.0,0.0,52.3
2023-10-07,29.0,0.0,58.0
2023-10-08,30.2,0.0,60.1
2023-10-09,30.4,0.0,58.8
2023-10-10,29.8,0.0,52.7
2023-10-11,27.9,0.0,55.8
2023-10-12,27.0,0.0,53.5
2023-10-13,28.1,0.0,55.4
2023-10-14,28.8,0.0,55.1
2023-10-15,27.6,0.0,58.1
2023-10-16,25.4,1.0,59.5
2023-10-17,21.9,3.851,77.2
2023-10-18,24.3,0.0,60.3
2023-10-19,23.7,0.0,58.8
2023-10-20,24.0,0.0,59.2
2023-10-21,23.8,0.0,59.7
2023-10-22,24.2,0.0,59.8
2023-10-23,24.6,0.0,58.3
2023-10-24,24.5,0.0,56.3
2023-10-25,24.1,0.0,57.9
2023-10-26,24.2,0.0,54.5
2023-10-27,23.7,0.0,52.1
2023-10-28,24.1,0.0,52.2
2023-10-29,24.6,0.0,52.2
2023-10-30,25.1,0.0,58.3
2023-10-31,24.9,0.0,67.1
2023-11-01,24.2,0.0,64.4
2023-11-02,23.5,0.0,71.8
2023-11-03,22.8,0.0,72.2
2023-11-04,22.7,0.0,75.8
2023-11-05,23.3,0.0,70.7
2023-11-06,22.6,0.0,64.8
2023-11-07,23.3,0.0,63.5
2023-11-08,23.5,0.0,66.0
2023-11-09,23.8,0.0,62.7
2023-11-10,20.3,7.701,84.4
2023-11-11,19.8,0.0,76.0
2023-11-12,19.8,0.0,72.6
2023-11-13,19.6,0.0,74.3
2023-11-14,19.9,0.0,66.1
2023-11-15,19.1,0.0,70.1
2023-11-16,19.1,0.0,76.1
2023-11-17,20.1,0.0,73.1
2023-11-18,20.6,0.0,68.8
2023-11-19,19.9,0.0,68.0
2023-11-20,19.5,0.0,70.4
2023-11-21,18.8,0.0,70.8
2023-11-22,17.8,0.0,67.7
2023-11-23,18.6,0.0,65.7
2023-11-24,18.3,0.0,70.0
2023-11-25,18.1,0.0,69.7
2023-11-26,19.4,0.0,67.1
2023-11-27,18.5,6.254,75.0
2023-11-28,17.7,0.23,86.9
2023-11-29,18.5,0.0,81.0
2023-11-30,19.1,0.0,82.5
2023-12-01,19.6,0.0,80.7
2023-12-02,17.9,0.0,83.5
2023-12-03,18.4,0.0,75.1
2023-12-04,19.7,0.015,67.4
2023-12-05,17.9,0.0,69.4
2023-12-06,16.9,0.0,72.6
2023-12-07,16.7,0.0,75.4
2023-12-08,17.4,0.0,69.7
2023-12-09,16.9,0.0,69.4
2023-12-10,15.6,0.0,68.6
2023-12-11,15.5,0.0,65.0
2023-12-12,15.9,0.0,72.2
2023-12-13,16.3,0.0,69.6
2023-12-14,15.4,0.0,65.4
2023-12-15,15.4,0.0,63.2
2023-12-16,16.3,0.0,50.6
2023-12-17,15.8,0.0,64.3
2023-12-18,14.6,0.0,71.5
2023-12-19,14.5,0.0,64.9
2023-12-20,14.2,0.0,68.6
2023-12-21,14.3,0.0,75.2
2023-12-22,14.3,0.0,76.1
2023-12-23,16.3,0.0,72.6
2023-12-24,16.0,0.0,77.6
2023-12-25,14.8,0.0,81.7
2023-12-26,14.1,0.0,83.8
2023-12-27,13.0,0.0,91.9
2023-12-28,12.8,0.0,91.1
2023-12-29,13.8,0.0,93.9
2023-12-30,14.6,0.0,90.0
2023-12-31,13.3,0.0,87.0
2024-01-01,12.1,0.0,81.7
2024-01-02,11.2,0.0,82.2
2024-01-03,10.8,0.0,87.8
2024-01-04,10.1,0.0,92.7
2024-01-05,12.0,0.0,92.9
2024-01-06,12.1,0.0,84.9
2024-01-07,11.6,0.0,81.2
2024-01-08,10.9,0.0,88.1
2024-01-09,10.9,0.0,90.8
2024-01-10,9.7,0.0,87.4
2024-01-11,10.6,0.0,83.4
2024-01-12,10.2,0.0,83.5
2024-01-13,10.9,0.0,86.7
2024-01-14,10.8,0.0,85.6
2024-01-15,10.4,0.0,80.7
2024-01-16,10.2,0.0,88.4
2024-01-17,10.8,0.0,82.6
2024-01-18,10.6,0.0,86.7
2024-01-19,10.0,0.0,89.6
2024-01-20,11.5,0.0,82.3
2024-01-21,9.3,0.0,90.1
2024-01-22,10.5,0.0,82.7
2024-01-23,11.9,0.0,84.9
2024-01-24,11.5,0.0,85.8
2024-01-25,10.9,0.0,87.1
2024-01-26,12.4,0.0,76.3
2024-01-27,14.0,0.0,68.3
2024-01-28,13.3,0.0,78.0
2024-01-29,14.1,0.0,84.1
2024-01-30,12.7,0.0,92.2
2024-01-31,12.8,9.298,96.2
2024-02-01,15.2,17.166,94.1
2024-02-02,12.9,0.0,94.1
2024-02-03,13.9,0.0,74.5
2024-02-04,16.1,1.0,87.1
2024-02-05,16.1,0.0,83.7
2024-02-06,13.5,0.0,72.9
2024-02-07,13.5,0.0,67.7
2024-02-08,14.3,0.0,66.3
2024-02-09,15.0,0.0,57.8
2024-02-10,14.9,0.0,69.6
2024-02-11,15.2,0.0,73.7
2024-02-12,15.6,0.0,79.1
2024-02-13,15.9,0.0,80.5
2024-02-14,16.7,0.0,76.4
2024-02-15,17.0,0.0,71.0
2024-02-16,17.3,0.0,63.4
2024-02-17,17.2,0.0,62.0
2024-02-18,19.2,0.0,59.7
2024-02-19,21.0,0.0,56.8
2024-02-20,21.0,2.0,72.4
2024-02-21,19.4,0.0,66.5
2024-02-22,19.1,0.0,50.1
2024-02-23,16.9,0.0,51.3
2024-02-24,17.4,0.0,50.2
2024-02-25,18.3,0.0,44.8
2024-02-26,18.8,0.0,42.8
2024-02-27,18.8,0.0,51.5
2024-02-28,18.0,0.0,63.5
2024-02-29,19.1,0.0,59.5
2024-03-01,21.6,0.0,56.6
2024-03-02,21.2,7.274,70.5
2024-03-03,19.4,0.448,62.3
2024-03-04,17.9,0.0,46.8
2024-03-05,16.7,0.0,49.7
2024-03-06,16.4,0.0,51.5
2024-03-07,18.7,0.0,51.2
2024-03-08,19.9,0.0,50.7
2024-03-09,19.0,0.0,53.4
2024-03-10,19.8,0.0,52.3
2024-03-11,23.2,0.0,47.4
2024-03-12,22.9,0.0,50.4
2024-03-13,22.3,0.0,54.9
2024-03-14,23.0,0.0,53.0
2024-03-15,21.4,0.0,45.6
2024-03-16,21.6,0.0,45.9
2024-03-17,21.9,0.0,49.0
2024-03-18,21.8,0.0,50.6
2024-03-19,23.0,0.0,49.2
2024-03-20,24.3,0.0,49.4
2024-03-21,23.1,0.0,62.3
2024-03-22,25.3,0.0,58.9
2024-03-23,26.5,0.0,51.1
2024-03-24,24.6,0.085,54.6
2024-03-25,24.9,0.0,58.7
2024-03-26,26.4,0.0,50.7
2024-03-27,29.0,0.0,44.3
2024-03-28,29.7,0.0,40.9
2024-03-29,28.8,0.4,51.4
2024-03-30,29.5,0.3,46.1
2024-03-31,28.8,0.0,44.4
2024-04-01,25.3,0.0,49.2
2024-04-02,26.2,0.0,36.0
2024-04-03,28.2,0.0,34.2
2024-04-04,29.7,0.0,31.3
2024-04-05,29.8,0.0,30.8
2024-04-06,28.6,0.0,29.2
2024-04-07,28.0,0.0,28.3
2024-04-08,28.9,0.0,28.9
2024-04-09,29.5,0.0,26.2
2024-04-10,29.6,0.0,28.5
2024-04-11,30.0,0.0,31.3
2024-04-12,30.9,0.0,31.3
2024-04-13,29.3,2.045,40.1
2024-04-14,26.4,0.896,57.8
2024-04-15,28.6,0.0,53.8
2024-04-16,29.9,0.0,38.9
2024-04-17,29.1,0.0,28.5
2024-04-18,31.0,0.0,25.9
2024-04-19,32.5,0.0,32.0
2024-04-20,30.9,0.0,36.2
2024-04-21,31.0,0.0,33.7
2024-04-22,31.0,0.0,31.8
2024-04-23,29.2,3.195,40.5
2024-04-24,29.6,0.0,41.4
2024-04-25,31.4,0.0,31.1
2024-04-26,31.8,3.0,33.9
2024-04-27,31.5,0.0,37.7
2024-04-28,31.2,0.0,31.6
2024-04-29,30.9,0.0,36.0
2024-04-30,29.7,0.0,30.2
2024-05-01,28.2,0.0,20.8
2024-05-02,28.7,0.0,25.1
2024-05-03,30.3,0.0,24.7
2024-05-04,32.7,0.0,23.9
2024-05-05,33.8,0.0,24.4
2024-05-06,34.1,0.0,27.8
2024-05-07,34.2,0.0,33.1
2024-05-08,32.2,0.0,50.2
2024-05-09,31.7,0.0,48.3
2024-05-10,32.6,0.0,49.0
2024-05-11,31.8,0.17,41.4
2024-05-12,33.0,0.0,41.2
2024-05-13,34.0,0.0,34.5
2024-05-14,33.8,0.0,29.9
2024-05-15,34.2,0.0,25.0
2024-05-16,35.0,0.0,29.6
2024-05-17,36.9,0.0,26.0
2024-05-18,37.1,0.0,25.9
2024-05-19,38.1,0.0,23.2
2024-05-20,37.9,0.0,23.2
2024-05-21,35.8,0.0,40.2
2024-05-22,36.0,0.0,44.0
2024-05-23,35.2,0.0,45.0
2024-05-24,35.4,0.0,43.7
2024-05-25,37.3,0.0,35.8
2024-05-26,37.9,0.0,26.9
2024-05-27,38.6,0.0,24.9
2024-05-28,38.6,0.0,23.7
2024-05-29,38.0,0.0,26.6
2024-05-30,39.1,0.0,22.9
2024-05-31,38.6,0.0,24.8
2024-06-01,36.5,0.0,27.3
2024-06-02,36.7,0.0,29.1
2024-06-03,37.2,0.0,29.1
2024-06-04,37.0,0.0,32.4
2024-06-05,37.8,0.0,28.2
2024-06-06,33.8,0.851,39.4
2024-06-07,35.6,0.0,29.9
2024-06-08,35.8,0.0,29.4
2024-06-09,36.0,0.0,25.3
2024-06-10,37.3,0.0,23.4
2024-06-11,37.2,0.0,23.9
2024-06-12,37.6,0.0,24.0
2024-06-13,38.8,0.0,23.3
2024-06-14,37.8,0.0,28.6
2024-06-15,38.3,0.0,27.8
2024-06-16,39.1,0.0,27.6
2024-06-17,39.5,0.0,28.7
2024-06-18,39.5,0.0,31.1
2024-06-19,38.9,0.0,33.1
2024-06-20,33.7,0.0,45.9
2024-06-21,31.9,3.552,60.4
2024-06-22,33.2,0.0,55.7
2024-06-23,33.5,1.556,59.2
2024-06-24,33.2,0.881,65.3
2024-06-25,33.8,0.0,63.3
2024-06-26,33.0,0.299,66.0
2024-06-27,31.1,9.033,76.4
2024-06-28,28.9,203.047,86.7
2024-06-29,30.3,7.656,84.1
2024-06-30,32.6,0.0,76.1
2024-07-01,32.1,0.0,72.6
2024-07-02,33.0,0.6,70.0
2024-07-03,29.5,9.747,87.2
2024-07-04,28.6,0.988,90.2
2024-07-05,29.6,0.51,87.4
2024-07-06,29.7,0.03,85.4
2024-07-07,29.8,0.0,76.4
2024-07-08,28.3,0.0,83.2
2024-07-09,29.6,27.565,87.0
2024-07-10,30.8,12.24,85.0
2024-07-11,33.5,4.253,72.2
2024-07-12,31.4,0.0,64.7
2024-07-13,30.3,19.909,77.9
2024-07-14,32.3,0.3,73.1
2024-07-15,31.3,7.331,79.3
2024-07-16,33.2,0.0,73.5
2024-07-17,32.7,0.0,77.1
2024-07-18,31.0,4.149,83.6
2024-07-19,31.5,0.0,82.9
2024-07-20,32.4,0.2,75.1
2024-07-21,32.6,5.955,77.0
2024-07-22,30.9,27.714,84.8
2024-07-23,31.4,1.045,84.5
2024-07-24,30.0,32.565,87.5
2024-07-25,31.2,9.357,83.8
2024-07-26,30.9,32.459,85.7
2024-07-27,31.3,0.0,85.7
2024-07-28,33.0,0.03,74.6
2024-07-29,33.6,0.0,70.6
2024-07-30,34.4,0.0,68.8
2024-07-31,31.9,89.37,78.7
2024-08-01,28.8,12.656,85.6
2024-08-02,29.7,3.045,86.3
2024-08-03,30.3,0.37,81.5
2024-08-04,30.5,4.403,77.8
2024-08-05,30.0,0.0,80.1
2024-08-06,30.0,0.0,80.1
2024-08-07,28.1,19.17,92.6
2024-08-08,28.5,9.572,89.8
2024-08-09,29.0,18.942,89.1
2024-08-10,28.9,0.881,90.0
2024-08-11,27.3,31.004,94.3
2024-08-12,27.5,6.4,95.2
2024-08-13,28.7,56.818,91.2
2024-08-14,30.6,0.0,83.8
2024-08-15,29.9,12.913,90.2
2024-08-16,30.0,8.507,86.1
2024-08-17,30.2,1.642,83.8
2024-08-18,30.7,0.0,81.2
2024-08-19,30.9,0.0,79.2
2024-08-20,28.6,1.0,86.5
2024-08-21,30.4,0.0,77.2
2024-08-22,31.0,3.403,76.2
2024-08-23,28.3,0.0,87.0
2024-08-24,30.3,0.0,82.2
2024-08-25,30.4,1.407,79.0
2024-08-26,29.9,0.185,82.0
2024-08-27,28.5,16.109,86.1
2024-08-28,28.0,12.556,88.5
2024-08-29,27.0,81.923,95.6
2024-08-30,29.4,0.299,82.8
2024-08-31,30.8,0.0,80.1
2024-09-01,31.7,0.0,76.9
2024-09-02,29.3,19.744,86.6
2024-09-03,30.9,0.0,79.1
2024-09-04,27.0,11.128,90.6
2024-09-05,28.3,0.747,85.4
2024-09-06,28.1,31.474,87.4
2024-09-07,27.4,2.452,88.7
2024-09-08,27.2,0.26,95.2
2024-09-09,28.8,2.24,89.9
2024-09-10,28.1,6.747,88.1
2024-09-11,28.4,1.821,87.0
2024-09-12,26.1,16.134,95.4
2024-09-13,24.0,57.1,98.5
2024-09-14,26.5,1.0,87.5
2024-09-15,28.0,0.2,81.8
2024-09-16,28.8,0.0,77.8
2024-09-17,29.0,0.0,78.1
2024-09-18,25.8,7.597,90.1
2024-09-19,26.7,2.597,88.8
2024-09-20,29.1,0.0,76.3
2024-09-21,30.0,0.0,75.8
2024-09-22,30.9,0.0,74.6
2024-09-23,30.9,0.0,78.6
2024-09-24,31.7,0.0,75.7
2024-09-25,30.9,0.0,77.6
2024-09-26,29.6,0.06,78.9
2024-09-27,29.3,0.0,75.6
2024-09-28,27.9,0.0,77.7
2024-09-29,28.8,0.0,77.5
2024-09-30,29.4,0.0,77.6
2024-10-01,29.6,0.0,77.6
2024-10-02,30.7,0.0,67.4
2024-10-03,30.3,0.0,61.7
2024-10-04,30.4,0.0,66.1
2024-10-05,30.2,0.0,67.7
2024-10-06,29.9,0.0,61.0
2024-10-07,29.2,0.0,66.3
2024-10-08,28.8,0.0,64.2
2024-10-09,28.2,0.0,64.6
2024-10-10,27.8,0.0,60.2
2024-10-11,26.8,0.0,61.6
2024-10-12,27.1,0.0,59.7
2024-10-13,27.5,0.0,53.3
2024-10-14,27.0,0.0,52.6
2024-10-15,26.5,0.0,53.9
2024-10-16,27.1,0.0,55.3
2024-10-17,27.9,0.0,55.5
2024-10-18,27.9,0.0,54.2
2024-10-19,28.3,0.0,54.4
2024-10-20,27.9,0.0,64.0
2024-10-21,27.2,0.0,69.4
2024-10-22,26.9,0.0,67.8
2024-10-23,26.6,0.0,67.0
2024-10-24,26.5,0.0,60.3
2024-10-25,25.6,0.0,61.8
2024-10-26,25.8,0.0,58.2
2024-10-27,26.7,0.0,68.6
2024-10-28,27.1,0.0,65.2
2024-10-29,27.6,0.0,67.2
2024-10-30,28.1,0.0,61.3
2024-10-31,26.9,0.0,63.8
2024-11-01,25.1,0.0,55.1
2024-11-02,25.0,0.0,56.7
2024-11-03,24.3,0.0,58.5
2024-11-04,23.8,0.0,63.7
2024-11-05,24.3,0.0,64.4
2024-11-06,24.3,0.0,66.4
2024-11-07,24.7,0.0,68.5
2024-11-08,24.4,0.0,71.9
2024-11-09,25.0,0.0,70.6
2024-11-10,24.5,0.0,73.7
2024-11-11,24.5,0.0,72.2
2024-11-12,24.6,0.0,65.2
2024-11-13,21.3,0.0,84.3
2024-11-14,22.1,0.0,74.4
2024-11-15,22.7,0.0,66.6
2024-11-16,22.0,0.0,67.7
2024-11-17,20.3,0.0,76.5
2024-11-18,18.3,0.0,85.6
2024-11-19,18.2,0.0,70.9
2024-11-20,18.5,0.0,64.2
2024-11-21,18.2,0.0,59.5
2024-11-22,18.5,0.0,66.5
2024-11-23,19.6,0.0,64.3
2024-11-24,20.3,0.0,59.6
2024-11-25,19.1,0.0,69.6
2024-11-26,18.6,0.0,65.9
2024-11-27,18.4,0.0,61.0
2024-11-28,17.9,0.0,63.1
2024-11-29,18.0,0.0,60.0
2024-11-30,18.0,0.0,63.3
